"Region","Catchment","Transect","Transect_code","LU_UF","ant_rich","bird_rich","db_rich","liana_rich","sap_rich","tree_rich","Aboveground_pool","Litter_pool","Dead_pool","Soil_pool_new","pH","Nperc","P","K","Na","CaMg","Al","foresttype1_1km","SILT_ALL","CLAY_ALL","ELEV_MEAN","SLOPE_MEAN","bee_rich"
"STM",103,2,"103_2","SFyoung",23,17,21,12,60,22,38.47250797,6.322680011,1.428901631,59.38,4.526666667,0.18,3.2,42.8,18,2.746666667,0.966666667,36.73826174,176.1333333,794.6666667,150.581,1.00192,NA
"STM",103,3,"103_3","SFold",35,45,23,7,44,38,78.75858696,4.408595554,9.899871276,63.49,3.846666667,0.19,4.733333333,31.26666667,16.66666667,0.893333333,2.606666667,38.77241728,146.2,818.6666667,170.672,2.23298,NA
"STM",103,4,"103_4","PA",32,30,11,0,0,0,0,0.66265069,1.027490757,54.09,4.58,0.17,3.466666667,33.26666667,16.53333333,1.806666667,1.246666667,25.78960458,165.7333333,813.3333333,168.124,2.40037,NA
"STM",103,5,"103_5","SFyoung",26,37,12,8,31,23,36.78408026,5.444015022,1.531471307,58.66,4.16,0.15,4.266666667,30.33333333,22.13333333,1.593333333,1.353333333,23.07883611,200.8,773.3333333,169.071,1.20009,NA
"STM",103,8,"103_8","SFold",37,50,21,5,59,43,106.4306665,5.274916237,4.577075494,63.29,4.033333333,0.2,2.933333333,40.8,20.2,1.506666667,2.193333333,21.29144852,165.7333333,813.3333333,172.263,2.184,NA
"STM",103,9,"103_9","SFyoung",41,31,11,1,8,0,0.70573043,2.15768,0,59.2,4.86,0.16,4.666666667,64.8,23.8,3.42,0.853333333,27.47882412,228.8666667,681.3333333,154.129,0.73445,NA
"STM",112,1,"112_1","MA",10,9,7,0,0,0,0,0,0,45.5,4.886666667,0.15,6.933333333,45.8,14.46666667,2.54,0.646666667,12.8243513,186.8,764,138.954,6.54554,NA
"STM",112,11,"112_11","MA",0,8,7,0,0,0,0,0,0,46.42,4.886666667,0.16,6.733333333,72.53333333,22.86666667,2.74,0.6,11.57580284,168.2,801.3333333,131.523,0.275105,NA
"STM",112,12,"112_12","LF",23,62,20,8,43,60,122.0910718,4.425263227,13.69880118,56.02,3.933333333,0.18,3.866666667,24.13333333,14.4,1.2,1.646666667,62.50309176,137.2,800,139.031,1.76476,NA
"STM",112,3,"112_3","SFold",22,50,18,16,56,37,64.90449501,5.233171076,11.14414826,59.15,4.326666667,0.19,2.333333333,19.93333333,9.466666667,2.246666667,0.926666667,37.39151996,117.8,797.3333333,163.412,4.02261,NA
"STM",112,4,"112_4","SFyoung",30,36,10,1,16,1,5.884654663,1.58056,13.10279236,63.8,4.806666667,0.2,2.533333333,35.73333333,11.8,3.293333333,0.673333333,9.269872913,147.9333333,792,143.894,4.92614,NA
"STM",112,5,"112_5","PA",14,10,5,0,0,0,0,0,4.28319844,52.51,4.646666667,0.15,2.2,25.8,13.66666667,1.746666667,0.98,26.74302789,128.6666667,829.3333333,151.944,4.00873,NA
"STM",112,7,"112_7","PA",16,31,8,0,0,0,0,0,0,58.5,6.4,0.17,14.73333333,103.2666667,47.2,6.626666667,0.093333333,21.71855542,253.5333333,653.3333333,147.27,2.02732,NA
"STM",112,8,"112_8","LF",23,44,21,15,70,83,122.3756224,5.581802964,29.73722218,66.85,3.813333333,0.18,5.666666667,27.06666667,17.6,1.026666667,2.26,49.04904905,129.2666667,818.6666667,143.448,10.3262,NA
"STM",125,12,"125_12","MA",8,6,4,0,0,0,0,2.06332,0,46.85,5.166666667,0.14,8.2,58.33333333,24.4,4.046666667,0.326666667,3.112549801,218.8,768,130.824,2.05885,NA
"STM",125,2,"125_2","MA",16,12,8,0,0,0,0,0,0,49.37,4.933333333,0.17,6.266666667,28,13.26666667,3.493333333,0.413333333,3.306812531,434.8666667,546.6666667,142.3,0.485776,NA
"STM",125,3,"125_3","PA",30,34,9,0,0,0,0,2.18804,0,58.4,4.36,0.17,3.866666667,32.26666667,23.06666667,1.593333333,1.093333333,17.75956284,175.2,802.6666667,103.672,5.49483,NA
"STM",125,5,"125_5","SFyoung",22,43,23,10,40,23,39.33808535,6.220889148,2.767789397,52.49,4.433333333,0.18,2.133333333,21.2,10.4,2.14,1.28,12.75167785,241,718.6666667,118.365,4.09188,NA
"STM",125,6,"125_6","SFold",14,25,26,9,62,28,41.49817367,4.986875554,3.240421725,47.65,4.546666667,0.16,2.4,17.73333333,9.866666667,2.506666667,0.92,22.52925068,256.6666667,718.6666667,136.046,1.23544,NA
"STM",125,8,"125_8","MA",10,7,7,0,0,0,0,0,0,42.19,4.646666667,0.14,5.066666667,47.73333333,25.93333333,2.926666667,0.593333333,45.02982107,187.8,794.6666667,146.661,1.77297,NA
"STM",125,9,"125_9","LF",16,39,19,16,77,71,93.68575089,6.991841923,35.71634877,50.13,4.04,0.17,4.4,30.06666667,15.6,1.613333333,1.786666667,58.4,119.0666667,825.3333333,154.137,3.21726,NA
"STM",129,10,"129_10","LBF",26,32,21,7,46,31,54.76632258,4.403568018,6.529671067,58.35,4.34,0.19,2.933333333,24.93333333,16.33333333,1.966666667,1.226666667,27.31332176,143.1333333,794.6666667,112.97,3.17764,NA
"STM",129,11,"129_11","SFold",30,32,23,4,47,27,57.8686274,5.398307611,5.403745137,60.59,4.6,0.16,2.733333333,24.8,20.26666667,2.426666667,1.333333333,43.68787276,180.4,754.6666667,119.922,3.72949,NA
"STM",129,12,"129_12","MA",6,6,9,0,0,0,0,0,0,53.35,5.08,0.15,5.133333333,51.93333333,20.86666667,3.9,0.4,25.35421327,221.3333333,725.3333333,129.683,2.78649,NA
"STM",129,5,"129_5","LBF",22,48,30,17,47,50,71.05444372,5.48533069,11.03133747,41.32,4.073333333,0.14,4,16.26666667,6.933333333,1.14,1.526666667,41.35787118,150.8,582.6666667,96.7326,6.34254,NA
"STM",129,7,"129_7","PA",22,11,14,0,0,0,0,0,0,53.04,5.88,0.12,12.06666667,41.53333333,18.2,5.94,0.113333333,17.41839023,89.46666667,198.6666667,73.2265,1.55525,NA
"STM",129,8,"129_8","PA",16,21,16,0,0,0,0,0,0,39.82,4.513333333,0.13,3.333333333,24.93333333,13.8,1.413333333,1.006666667,26.24411983,128.6666667,312,77.9359,5.62945,NA
"STM",129,9,"129_9","MA",12,10,12,0,0,0,0,2.11668,0,54.66,5.22,0.18,7.6,27.13333333,9.8,3.26,0.64,38.78550441,190.7333333,726.6666667,113.566,3.14546,NA
"STM",157,1,"157_1","SFold",32,52,16,14,61,70,155.7970171,6.425861296,81.82427616,51.83,4.086666667,0.17,2.866666667,34.8,15.4,1.26,1.633333333,88.77018634,151,812,153.608,5.14636,NA
"STM",157,2,"157_2","LBF",28,41,19,13,88,68,70.31530112,4.577891682,22.3855186,45.84,4.086666667,0.14,2.333333333,30.46666667,14.4,1.893333333,1.393333333,65.38270378,172.9333333,720,131.324,4.7682,NA
"STM",157,3,"157_3","LBF",19,47,20,19,70,79,134.997054,5.076615067,23.52387287,56.12,4.12,0.23,2.2,23.2,11.4,1.566666667,1.633333333,84.5314824,209.9333333,765.3333333,150.398,3.76994,NA
"STM",157,4,"157_4","LF",31,53,23,10,52,58,227.3680304,5.844778797,10.48913978,49.7,3.92,0.16,5.2,33.4,29,0.66,1.64,96.14903726,174.9333333,798.6666667,130.009,7.96621,NA
"STM",157,5,"157_5","LF",28,47,26,13,94,72,137.8188378,6.191115255,30.49652244,55.57,3.92,0.17,3.466666667,29.93333333,18.4,0.8,2.193333333,99.34967484,155.2666667,822.6666667,163.361,3.09304,NA
"STM",157,6,"157_6","LF",26,20,19,18,62,62,188.7960043,8.073065469,5.013260628,59.49,3.72,0.19,2.666666667,23.46666667,15.73333333,0.686666667,2.326666667,88.95552224,203,758.6666667,118.648,1.22847,NA
"STM",157,7,"157_7","PA",33,30,4,0,0,1,0.074292288,0,0,54.58,4.826666667,0.16,3.866666667,43.8,30.4,2.646666667,0.4,31.30759651,142.5333333,800,115.952,5.42573,NA
"STM",157,8,"157_8","SFold",21,55,19,5,50,54,92.03300593,5.645136196,4.361423051,45.68,3.92,0.15,2.8,34.86666667,13.33333333,0.833333333,1.94,68.37371971,184.7333333,585.3333333,97.4895,11.801,NA
"STM",160,10,"160_10","LF",17,38,35,8,31,63,164.0334409,4.171221118,4.173844907,52.19,3.835714286,0.18,4.933333333,25.73333333,30.86666667,0.753333333,1.613333333,96.01593625,164.1333333,806.6666667,189.437,1.08097,NA
"STM",160,11,"160_11","SFold",14,26,22,9,54,31,48.21105548,5.352747435,8.248131362,67.97,4.82,0.22,4.266666667,40.73333333,16.93333333,3.473333333,0.626666667,18.26563668,189.3333333,598.6666667,119.415,9.40989,NA
"STM",160,12,"160_12","MA",4,8,6,0,0,0,0,1.30008,0,55.63,4.98,0.15,9.466666667,58,31.06666667,3.233333333,0.766666667,9.970089731,225.9285714,657.1428571,103,7.83555,NA
"STM",160,5,"160_5","SFold",19,44,26,4,50,28,63.6202492,4.198552182,8.451487992,54.06,4.353333333,0.16,2.4,26.8,15.33333333,2.013333333,1.286666667,46.370666,192.1333333,653.3333333,125.93,4.743,NA
"STM",160,8,"160_8","SFold",20,48,24,5,33,41,91.59730369,4.395294264,7.391004868,54.31,4.066666667,0.15,3.133333333,32.13333333,22.86666667,1.1,1.466666667,48.32381425,112.7333333,721.3333333,123.607,6.12149,NA
"STM",165,1,"165_1","LBF",20,36,10,10,47,31,66.05097633,3.905290411,11.25264309,34.66,4.14,0.07,5.2,19.06666667,12.8,0.493333333,1.446666667,81.86580195,39.13333333,56,60.9728,8.74916,NA
"STM",165,4,"165_4","LBF",26,48,20,14,48,52,212.6774805,6.068536666,9.792321457,50.3,3.88,0.07,5.4,30.33333333,16.73333333,0.513333333,2.386666667,95.11044924,77.26666667,400,125.295,19.0908,NA
"STM",165,5,"165_5","LBF",25,45,15,9,52,55,272.3430088,4.08921076,11.67582491,104.9,4.02,0.26,4.466666667,28.53333333,15.66666667,0.473333333,3.326666667,97.36971485,193.8666667,769.3333333,163.782,3.58646,NA
"STM",165,7,"165_7","LBF",24,49,25,16,63,48,92.23580534,4.562982538,10.97900385,24.16,4.2,0.1,3.8,19.2,12.73333333,0.5,1.406666667,98.65303068,58.92857143,120,48.0721,7.71986,NA
"STM",199,1,"199_1","MA",19,30,14,0,0,0,0,0,0,32.17,4.353333333,0.11,6.333333333,35.06666667,12.6,1.173333333,1.44,12.23932473,81.2,382.6666667,59.6103,1.84212,NA
"STM",199,3,"199_3","LBF",35,54,26,8,56,67,93.15160564,6.443959318,36.2781659,33.85,3.906666667,0.1,5.133333333,24.13333333,11.6,0.733333333,1.866666667,60.58339566,94.4,356,117.489,7.2289,NA
"STM",199,4,"199_4","SFyoung",19,35,11,0,7,2,3.126934911,3.34296,0.640737468,36.81,4.54,0.14,4.133333333,31.46666667,14,1.533333333,1.133333333,34.09599602,143.6,673.3333333,72.313,5.1538,NA
"STM",199,5,"199_5","PA",22,38,11,0,0,1,0.389686828,0,0.064397814,39.39,4.653333333,0.1,1.133333333,25.93333333,10.8,1.873333333,0.82,17.69537083,112.2666667,376,68.2165,1.90142,NA
"STM",199,6,"199_6","SFold",27,44,20,11,41,39,69.62019735,5.744358642,5.511125006,53.85,3.86,0.14,1.733333333,24.13333333,15.66666667,0.706666667,2.066666667,44.95024876,190.7333333,708,94.8939,4.13151,NA
"STM",199,8,"199_8","PA",14,40,13,0,1,0,0.150718121,3.997410544,1.489140866,32.76,4.726666667,0.09,2.8,33.46666667,13.2,1.64,0.773333333,28.94082546,208.2,290.6666667,60.5102,2.92196,NA
"STM",199,9,"199_9","SFold",28,46,22,12,55,40,74.70239381,6.697987602,4.028928772,42.23,3.953333333,0.12,3.8,18,12.86666667,0.973333333,1.46,37.45299574,115.5333333,482.6666667,62.0541,3.59753,NA
"STM",236,1,"236_1","MA",15,13,7,0,0,0,0,3.37596,0,65.57,5.213333333,0.13,5.466666667,75.66666667,26.66666667,3.966666667,0.82,36.83818046,198.9333333,754.6666667,132.781,3.26998,NA
"STM",236,2,"236_2","LBF",27,49,24,6,51,40,163.1393118,5.274374817,46.07428502,50.35,3.906666667,0.13,3.533333333,29.53333333,17,0.586666667,2.44,60.36615537,139.6666667,689.3333333,115.576,3.88595,NA
"STM",236,3,"236_3","LBF",41,53,25,10,52,60,266.2345872,5.402821781,12.94334684,57.4,4.426666667,0.17,3.533333333,37.26666667,20.33333333,0.586666667,1.993333333,54.44582814,152.4,672,72.5826,5.26275,NA
"STM",236,4,"236_4","SFyoung",26,32,11,2,45,11,35.57615939,6.517832694,53.43726347,62.27,4.173333333,0.15,3.6,33.2,13.13333333,0.873333333,2.04,34.32835821,184.6666667,742.6666667,105.582,3.82184,NA
"STM",236,5,"236_5","LF",41,34,28,16,46,71,142.7673695,5.071563697,7.971544225,47.73,3.92,0.15,2.2,25,16.8,0.846666667,2.153333333,56.83950617,124.2666667,477.3333333,80.1501,4.41241,NA
"STM",236,6,"236_6","LF",42,53,25,11,52,62,163.8530236,6.247537547,42.02023588,52.57,4.213333333,0.16,4,31.73333333,18.6,0.786666667,2.34,83.98709037,140.8666667,774.6666667,127.488,4.56529,NA
"STM",236,7,"236_7","LF",37,60,23,8,49,64,135.9131821,3.583122379,43.27433441,52,4.006666667,0.11,4.2,26,14.33333333,0.466666667,1.786666667,96.16247197,86.46666667,402.6666667,78.5996,5.8322,NA
"STM",236,8,"236_8","PA",11,26,9,0,0,0,0,0,0,67.89,4.52,0.15,3.466666667,67.53333333,37.93333333,1.68,1.013333333,82.30750062,198.2,740,125.433,10.849,NA
"STM",236,9,"236_9","PA",19,37,8,0,0,0,0,0,0,41.38,5.18,0.15,1.133333333,55.33333333,17.13333333,1.893333333,0.586666667,69.39182453,100.2,406.6666667,49.6381,7.55101,NA
"STM",260,1,"260_1","LF",23,58,21,16,85,74,159.2814961,7.257671835,24.94997739,54.81,3.9,0.15,3.266666667,25,11.13333333,0.88,2.226666667,65.81047382,153.8,777.3333333,125.662,5.70416,NA
"STM",260,10,"260_10","MA",42,2,7,0,0,0,0,2.26976,0,44.32,5.38,0.15,4.133333333,42.86666667,14.86666667,3.9,0.293333333,30.91498379,190.8,728,99.4145,4.78113,NA
"STM",260,2,"260_2","SFold",24,63,27,11,48,48,59.25063761,6.620181585,10.3328587,52.12,4.1,0.16,3.933333333,24.33333333,16,0.986666667,1.166666667,63.44673454,105.6,425.3333333,75.1436,6.85284,NA
"STM",260,3,"260_3","LBF",24,43,30,10,52,53,195.9981787,6.356982424,46.89077261,59.7,3.88,0.2,5,26.2,14.13333333,0.973333333,2.4,44.67766117,148.8666667,674.6666667,136.276,5.09062,NA
"STM",260,4,"260_4","LF",22,55,34,22,59,71,184.3160949,7.588621534,7.87880957,63.46,3.74,0.15,2.466666667,38.86666667,23.13333333,0.666666667,2.953333333,93.87602689,176.0666667,746.6666667,104.781,4.4599,NA
"STM",260,5,"260_5","LBF",32,43,25,6,51,50,137.7634921,5.814056766,19.31876724,61.31,4.073333333,0.18,3.4,20.66666667,12.73333333,1.06,2.173333333,57.12166172,223.6,720,106.83,4.38874,NA
"STM",260,6,"260_6","LF",21,49,30,13,65,73,141.0063299,7.319502965,21.42897829,50.3,3.793333333,0.12,3.4,22.46666667,18,0.693333333,1.613333333,42.58982036,140.2666667,522.6666667,89.3481,3.28003,NA
"STM",260,7,"260_7","MA",31,9,15,0,0,0,0,0,0,40.14,4.653333333,0.12,8.8,47.93333333,15,2.106666667,0.873333333,4.053717981,154.8,526.6666667,86.4105,2.84915,NA
"STM",261,1,"261_1","LF",10,34,13,17,71,79,155.4583937,5.467006216,3.827109197,44.75,3.906666667,0.16,4,18.8,15.73333333,0.62,1.526666667,98.50262041,45.06666667,221.3333333,148.573,7.7849,NA
"STM",261,10,"261_10","UF",18,52,23,10,66,60,147.2392627,5.214163951,17.18530198,59.34,3.913333333,0.2,5.866666667,31.26666667,18.13333333,0.86,2.773333333,97.44923229,147.4666667,814.6666667,143.922,1.40719,NA
"STM",261,11,"261_11","UF",13,42,19,7,50,62,204.4774483,7.172642565,10.04046894,54.75,3.8,0.14,2.8,36.86666667,20.33333333,0.62,2.593333333,100,146.8666667,813.3333333,153.728,5.92509,NA
"STM",261,12,"261_12","LF",22,56,19,2,52,65,131.7673506,5.136706404,24.63085422,60.59,3.753333333,0.19,4.133333333,24.46666667,16.53333333,0.806666667,2.733333333,100,195.4666667,793.3333333,194.743,0.242953,NA
"STM",261,2,"261_2","LF",18,47,15,11,68,84,118.218652,7.324091555,18.82655698,48.92,3.806666667,0.14,3.866666667,26.66666667,15.86666667,0.606666667,2.16,99.85011242,125,560,148.176,4.16037,NA
"STM",261,3,"261_3","LF",9,34,33,15,58,68,161.6487497,5.849906683,32.98634776,61.42,4.06,0.17,6.333333333,39.93333333,22.53333333,0.88,2.433333333,99.85093168,173.9333333,689.3333333,192.149,1.3746,NA
"STM",261,4,"261_4","LF",16,54,20,14,57,68,142.2371237,4.525055581,30.4614798,57.42,3.886666667,0.2,2.466666667,22,13,1.066666667,2.373333333,100,136.6,852,190.724,1.09299,NA
"STM",261,5,"261_5","LF",18,49,27,9,71,64,210.9035206,8.055622437,10.03591638,62.64,3.806666667,0.2,4.866666667,37,27.66666667,0.753333333,2.733333333,100,140.2,848,191.421,0.662045,NA
"STM",261,6,"261_6","LF",15,49,19,9,74,73,220.1527573,7.31729249,18.14928239,53.14,3.646666667,0.15,6.133333333,28.4,12.8,0.66,2.766666667,99.90140498,135.6,834.6666667,179.093,1.24152,NA
"STM",261,7,"261_7","LF",37,50,22,12,43,69,160.7727909,7.049480887,17.9149151,62.85,3.753333333,0.23,3.666666667,21.8,12.13333333,0.566666667,2.813333333,100,128,856,195.881,0.363493,NA
"STM",261,8,"261_8","UF",15,53,20,19,64,72,143.0119287,7.495643681,14.05292282,58.58,3.76,0.19,2,25.26666667,17.4,0.733333333,2.386666667,99.79989995,195.2666667,774.6666667,170.925,1.91611,NA
"STM",261,9,"261_9","UF",16,43,23,15,66,81,170.4564491,5.432000764,17.23384406,52.96,3.706666667,0.2,3.4,26.2,14.6,0.66,2.606666667,99.62518741,148.6666667,824,139.344,3.2722,NA
"STM",307,1,"307_1","LBF",25,57,19,20,88,79,222.1064624,5.746526764,11.7581168,47.52,3.82,0.14,3.8,27.66666667,16.2,0.78,1.54,98.83490332,143.1428571,620,104.489,5.83418,NA
"STM",307,3,"307_3","LBF",27,36,16,2,49,45,80.6823349,6.108470737,30.28625244,48.61,3.993333333,0.11,3.6,17,7.333333333,0.92,1.166666667,98.69641514,130.4666667,352,160.801,5.58839,NA
"STM",307,7,"307_7","LBF",26,52,13,6,72,55,147.2007417,4.403626289,16.61729932,39.78,3.906666667,0.13,3.466666667,19.93333333,15.73333333,0.766666667,1.813333333,86.84603886,95.6,389.3333333,100.407,4.12903,NA
"STM",307,9,"307_9","SFyoung",8,48,10,0,21,4,36.18669774,7.518257954,47.56430761,33.58,4.293333333,0.11,5.733333333,37.33333333,22.66666667,1.153333333,0.926666667,98.6318408,103.2,184,146.37,5.62458,NA
"STM",357,10,"357_10","MA",8,7,3,0,0,0,0,3.16176,0,58.56,4.42,0.14,5.2,48.26666667,21,2.606666667,0.953333333,46.45257655,145.2,738.6666667,125.938,4.34932,NA
"STM",357,11,"357_11","PA",26,16,11,0,0,0,0,1.81236,0,38.94,4.966666667,0.1,3.066666667,37.4,14.6,1.873333333,0.66,20.66383828,109.2,386.6666667,102.206,4.84081,NA
"STM",357,2,"357_2","LBF",19,64,30,3,47,50,100.074686,4.928843252,31.65286374,74.25,3.913333333,0.18,2.733333333,23.8,13.2,1.12,1.98,66.70798215,175.5333333,754.6666667,158.471,5.83096,NA
"STM",357,3,"357_3","SFold",17,43,24,6,32,25,43.20568587,6.372410542,5.694140228,77.24,4.386666667,0.2,1.933333333,28.8,17.13333333,2.006666667,1.26,57.86210317,147.1333333,820,135.478,6.54609,NA
"STM",357,4,"357_4","SFyoung",20,40,9,6,18,13,19.57673746,5.679428701,4.770437102,25.35,4.286666667,0.04,2.533333333,17.33333333,12.26666667,0.826666667,0.713333333,67.3282064,39.06666667,88,71.0733,2.97888,NA
"STM",357,6,"357_6","SFyoung",NA,54,21,8,38,20,31.21315803,4.407526408,1.922817383,37.39,4.426666667,0.08,1.533333333,17.93333333,10.86666667,0.726666667,0.926666667,46.2478185,102.8666667,134.6666667,113.335,8.32992,NA
"STM",357,7,"357_7","PA",26,26,7,0,0,0,0,1.380679412,3.891108854,47.36,5.246666667,0.11,1.066666667,37.33333333,15.86666667,1.94,0.513333333,27.14143426,275.7333333,534.6666667,84.484,4.51263,NA
"STM",357,8,"357_8","PA",26,18,14,0,0,0,0,1.074857597,2.440636305,27.41,5.26,0.06,1.466666667,27.13333333,11.73333333,1.38,0.406666667,19.66110142,53.66666667,81.33333333,113.434,5.66824,NA
"STM",357,9,"357_9","SFyoung",NA,38,23,8,40,24,38.01141849,5.719546246,11.59555569,50.49,4.553333333,0.12,3.733333333,21,15.13333333,1.433333333,1.02,30.07705692,113.8,465.3333333,115.349,14.9379,NA
"STM",363,3,"363_3","UF",30,49,23,19,71,70,242.329592,6.454612667,12.40357387,51.72,3.793333333,0.11,2.733333333,20.66666667,14.26666667,0.733333333,1.573333333,100,81.86666667,396,132.133,4.55678,NA
"STM",363,4,"363_4","UF",19,41,32,21,60,68,144.3132673,5.738959937,24.39175157,59.13,3.806666667,0.15,5.533333333,28.06666667,14,0.86,1.546666667,100,108.7333333,430.6666667,185.135,3.18624,NA
"STM",363,5,"363_5","UF",36,53,23,16,65,75,130.9971706,6.822168037,17.72881857,30.58,3.953333333,0.08,2.533333333,20.93333333,15.6,0.926666667,0.953333333,100,46.8,173.3333333,170.423,8.03749,NA
"STM",363,6,"363_6","UF",31,70,36,17,60,62,204.0105044,6.924092709,17.94720516,63.59,3.626666667,0.15,4.066666667,30,14.93333333,0.78,2.366666667,100,120.4666667,776,177.92,4.94213,NA
"STM",363,7,"363_7","UF",22,60,29,8,67,60,215.2091813,7.044648958,24.7542561,59.78,4.086666667,0.15,2.533333333,30.33333333,18.46666667,0.793333333,2.353333333,100,169.2666667,721.3333333,162.665,5.63496,NA
"STM",363,8,"363_8","UF",21,46,37,3,46,63,302.5864687,8.817756634,12.04147588,57.55,3.793333333,0.15,2.533333333,20,13.66666667,0.84,1.746666667,100,133.6666667,569.3333333,196.198,4.01276,NA
"STM",399,10,"399_10","LBF",19,47,26,15,75,48,86.16572201,8.081404555,34.05876919,25.29,4.22,0.07,6.333333333,16.46666667,13.26666667,0.466666667,1.006666667,74.78282452,40.66666667,85.33333333,153.742,5.10344,NA
"STM",399,12,"399_12","SFyoung",16,23,6,6,21,3,10.6703906,5.423909935,0.129319185,54.08,4.693333333,0.13,1,22.06666667,10.46666667,1.993333333,0.833333333,72.2415507,165,422.6666667,162.005,4.66275,NA
"STM",399,13,"399_13","PA",32,29,15,0,4,1,6.488322255,2.739802814,6.759702638,31.31,4.853333333,0.09,1.4,8.533333333,6,1.48,0.553333333,52.78745645,39.6,98.66666667,141.862,3.86412,NA
"STM",399,3,"399_3","UF",15,55,28,3,38,41,233.605157,8.620908184,30.42970772,38.23,4.073333333,0.06,2.933333333,20.13333333,11.66666667,0.68,1.08,83.94105894,69.06666667,112,125.289,4.71399,NA
"STM",399,5,"399_5","LBF",15,58,30,16,72,68,192.107082,7.456714964,43.75811859,99.87,3.686666667,0.21,5.133333333,24.6,25.66666667,0.673333333,3.466666667,82.68268268,123.6,797.3333333,171.694,1.34575,NA
"STM",399,6,"399_6","LF",12,52,19,11,80,81,150.5223961,12.31706241,19.43497512,37.31,4.12,0.09,5.6,21.2,17.4,0.72,1.046666667,67.35352532,86.06666667,122.6666667,80.8367,5.3185,NA
"STM",399,7,"399_7","LF",20,30,27,10,43,60,98.69707582,7.175828662,25.90486697,66.07,3.806666667,0.22,5.266666667,33.53333333,21.13333333,0.76,2.413333333,82.97451126,141,805.3333333,155.463,6.54696,NA
"STM",399,8,"399_8","SFyoung",21,47,31,13,51,25,28.88513407,4.851660833,40.851608,31.72,4.186666667,0.06,2.266666667,18.73333333,9.2,0.973333333,1.333333333,68.18632309,97.8,364,115.806,6.90928,NA
"STM",399,9,"399_9","UF",21,52,35,6,34,55,148.4192797,5.768828926,30.02035389,50.04,3.82,0.15,1.933333333,22.2,12.4,0.9,1.746666667,77.36503219,124.4,457.3333333,161.369,4.09557,NA
"STM",69,1,"69_1","MA",6,8,3,0,0,0,0,0,0,45.37,4.566666667,0.12,10,39.86666667,16.2,2.94,0.633333333,12.71060456,186.8666667,698.6666667,121.424,4.53863,NA
"STM",69,10,"69_10","SFold",24,32,13,16,51,46,67.51077022,4.526165623,1.225763155,56.15,4.153333333,0.19,6,39.06666667,18.13333333,1.66,1.633333333,18.5176004,154.6,654.6666667,123.786,2.96867,NA
"STM",69,11,"69_11","LBF",28,27,26,16,54,47,94.99844113,3.723295423,5.522433701,43.03,4.133333333,0.18,5.133333333,34.73333333,13.06666667,1.62,1.52,20.62546538,131.5333333,478.6666667,100.982,1.66395,NA
"STM",69,2,"69_2","SFold",31,36,19,7,50,54,89.06664168,5.193668014,15.91547916,48.38,3.846666667,0.16,3.8,30.26666667,15.46666667,0.98,2.18,34.4298788,165.9333333,628,140.1,3.6445,NA
"STM",69,3,"69_3","PA",18,14,6,0,0,0,0,0,0.021060373,62.38,4.526666667,0.15,4.133333333,27.8,19.26666667,2.213333333,0.76,39.9950224,229.8,624,145.4,2.83341,NA
"STM",69,4,"69_4","PA",40,45,8,0,0,2,17.81864797,0.303307038,2.702906083,52.39,4.69,0.13,10.73333333,35.8,16.9,2.463333333,0.803333333,15.42288557,167.7333333,638.6666667,102.785,0.585011,NA
"STM",69,6,"69_6","SFyoung",31,41,26,5,45,24,22.74108903,3.885773706,0.911419216,56.62,4.226666667,0.17,6.133333333,21.66666667,9.266666667,1.353333333,1.806666667,33.4,171.2666667,408,121.274,5.76568,NA
"STM",69,7,"69_7","PA",25,22,9,0,0,0,0,0,0,50.27,4.433333333,0.17,7,30.53333333,16.73333333,2.066666667,0.873333333,29.51388889,171.2666667,588,126.593,3.75685,NA
"STM",69,8,"69_8","LF",25,60,14,10,52,51,94.40319125,4.085046502,21.81204416,58.29,3.766666667,0.15,5.733333333,29,11.93333333,0.693333333,2.693333333,34.20203524,135.5333333,662.6666667,135.461,4.33831,NA
"STM",81,10,"81_10","PA",26,19,9,0,0,0,0,0.08472719,0.041984624,51.79,4.7,0.14,6.466666667,29.93333333,25,2.48,0.76,32.2973645,155.2666667,684,115.515,4.77894,NA
"STM",81,11,"81_11","SFold",22,47,14,14,59,51,92.27419546,5.85294293,17.79390072,47.06,4.053333333,0.18,3.866666667,24.46666667,14.6,0.973333333,1.926666667,44.03692615,142.3333333,804,142.361,2.10723,NA
"STM",81,15,"81_15","LF",13,43,24,8,42,65,181.6018751,3.968408946,60.64174879,41.05,4.046666667,0.16,3.4,33.66666667,15.73333333,1.026666667,1.84,85.04742886,128.6666667,814.6666667,143.141,5.38805,NA
"STM",81,2,"81_2","LBF",20,40,20,6,53,43,98.66501106,3.999749113,18.74966404,49.73,3.806666667,0.16,5.666666667,37.73333333,18,1.413333333,2.126666667,22.11442786,127.6666667,761.3333333,111.295,5.79698,NA
"STM",81,3,"81_3","LBF",18,44,12,16,76,66,159.1386353,4.138446227,18.31306314,44.2,3.713333333,0.17,5.333333333,28.73333333,13.66666667,0.66,2.486666667,42.9245283,143.7333333,732,111.578,8.89704,NA
"STM",81,6,"81_6","MA",9,22,12,0,0,0,0,0,0,50.97,4.453333333,0.14,3.733333333,27.33333333,20,1.813333333,1.22,6.274900398,176,760,88.0624,4.81449,NA
"STM",81,7,"81_7","SFold",23,32,10,17,50,43,67.99197163,4.635352346,0.930344783,58.25,3.806666667,0.14,7.066666667,33.93333333,21.06666667,0.546666667,3,33.05970149,134.6,717.3333333,106.029,3.35563,NA
"STM",81,8,"81_8","PA",19,24,5,0,0,0,0,0,0,39.23,4.513333333,0.12,4.333333333,23.86666667,15.93333333,1.353333333,0.953333333,11.00871731,205.9333333,485.3333333,83.3424,2.29947,NA
"STM",81,9,"81_9","LBF",25,47,17,7,47,63,160.0463067,4.928105923,13.06865597,60.28,3.806666667,0.19,10.4,37.8,18.86666667,0.506666667,2.986666667,36.70411985,137,618.6666667,88.0933,2.42157,NA
"STM",99,10,"99_10","SFyoung",20,36,16,14,53,35,61.98671366,7.162829553,1.827664078,65.43,4.046666667,0.17,3.933333333,22.73333333,17.06666667,1.626666667,1.846666667,33.28332083,166.5333333,784,144.765,1.35504,NA
"STM",99,11,"99_11","SFyoung",35,42,15,0,22,0,1.319045422,3.911346862,0,33.18,4.766666667,0.13,4.8,25.33333333,14.13333333,1.826666667,0.766666667,24.30952973,75.2,258.6666667,97.4732,6.31145,NA
"STM",99,3,"99_3","PA",18,31,5,0,3,0,0.368470778,0,0.428992331,64.2,4.753333333,0.17,3.6,32.6,20.53333333,2.36,0.866666667,29.64623817,214.6666667,701.3333333,123.566,6.50693,NA
"STM",99,4,"99_4","SFyoung",20,14,15,2,36,25,30.37044592,5.023239578,1.364143585,52.64,5.2,0.16,2.266666667,32.2,15.33333333,2.846666667,0.5,22.96555167,201.0666667,701.3333333,145.221,1.52935,NA
"STM",99,5,"99_5","PA",30,27,13,0,0,0,0,0,0,57.9,5.073333333,0.12,5.2,24.93333333,19.13333333,3.493333333,0.766666667,11.76177423,126.8666667,432,73.3367,1.93927,NA
"STM",99,6,"99_6","SFold",23,26,18,6,48,38,50.00565779,5.509016206,3.733288896,49.11,4.326666667,0.16,3.133333333,28.73333333,14.73333333,0.766666667,1.953333333,12.50310713,139.5333333,768,112.406,6.52225,NA
"STM",99,7,"99_7","SFold",20,21,17,4,42,39,38.72963115,3.821722925,10.08552916,48,4.8,0.15,4.133333333,29,16,1.973333333,1.346666667,34.45878848,160.6,649.3333333,113.173,5.81306,NA
"STM",99,8,"99_8","SFyoung",21,30,17,8,49,36,40.69261205,6.893400358,3.239973138,68.45,4.633333333,0.22,2.533333333,26.06666667,13.4,3.993333333,0.913333333,30.35803083,179.4666667,748,107.627,4.48219,NA
"STM",99,9,"99_9","PA",27,26,8,0,0,0,0,0,0,56.29,5.013333333,0.16,1.733333333,35.13333333,17.8,2.34,0.606666667,24.61461959,205.1333333,721.3333333,106.509,8.48505,NA
"STM",199,2,"199_2","MA",18,9,11,0,0,0,0,NA,0,NA,NA,NA,NA,NA,NA,NA,NA,35.5809903,81.2,382.6666667,74.4641,1.3043,NA
"PGM",44,12,"44_12","SFyoung",25,42,10,0,5,0,3.76802542,2.024270752,31.18179035,26.04,5.253333333,0.06,5.133333333,24.46666667,15.13333333,2.56,0.313333333,62.84506342,201,193.3333333,112.109,5.43463,9
"PGM",44,15,"44_15","PA",21,32,9,0,0,1,0.108242127,1.545372784,4.304058922,29.27,5.4,0.06,3.333333333,23,13.53333333,2.346666667,0.233333333,72.84751685,146.3333333,140,120.408,2.05802,2
"PGM",44,2,"44_2","LBF",31,38,8,14,70,40,103.7448579,10.56786492,77.26790417,119.2,5,0.25,3.733333333,55.73333333,39.93333333,2.4,1.053333333,83.96320239,278.8888889,364.4444444,157.706,6.05416,5
"PGM",44,3,"44_3","PA",26,30,12,0,1,0,0.019383225,0.757174211,8.749420367,40.51,5.277777778,0.09,3.222222222,42.11111111,31.11111111,2.055555556,0.533333333,78.07740325,89.88888889,222.2222222,149.097,12.1052,4
"PGM",44,4,"44_4","LBF",28,74,17,2,46,45,99.36787231,10.1481038,48.54016575,31.62,4.277777778,0.07,4.333333333,30.22222222,25.11111111,0.566666667,1.388888889,68.68762475,113.6666667,135.5555556,120.737,6.34548,3
"PGM",44,5,"44_5","LBF",29,46,10,8,45,44,153.8819596,9.539424338,26.7890837,42.28,4.606666667,0.1,4.333333333,38.93333333,24.26666667,0.846666667,1.146666667,68.925,271.1666667,635.5555556,123.605,13.0234,6
"PGM",44,6,"44_6","LBF",30,40,14,9,39,28,76.22481753,8.123793412,52.56535986,35.62,4.526666667,0.08,7.933333333,27,17.06666667,1.9,0.633333333,64.86284289,439.8888889,306.6666667,124.136,4.52848,10
"PGM",44,7,"44_7","PA",16,39,13,0,2,0,0.360304968,0.890292114,8.582113309,36.47,5.466666667,0.07,5.666666667,37.11111111,24.44444444,2.166666667,0.3,67.58844046,82.22222222,160,98.7119,6.9032,5
"PGM",44,8,"44_8","PA",12,11,8,0,0,0,0,2.84661375,4.54430685,31.08,5.366666667,0.06,3.555555556,32.22222222,19,1.633333333,0.333333333,53.25708603,130.3333333,171.1111111,101.74,2.7389,6
"PGM",100,10,"100_10","SFyoung",24,44,16,4,23,3,7.432500062,4.861653868,1.456190358,42.45,4.773333333,0.07,5.333333333,36.06666667,27.93333333,1.16,0.826666667,39.39393939,97.33333333,253.3333333,31.4405,2.21612,10
"PGM",100,2,"100_2","SFyoung",13,31,11,6,27,3,6.864978064,4.603716458,8.465086831,98.4,4.86,0.15,2.733333333,43.6,21.86666667,2.886666667,0.893333333,45.88528678,254,436,53.6626,4.9366,12
"PGM",100,3,"100_3","LBF",20,61,19,2,26,47,71.32717881,7.368430526,30.33734163,83.86,4.513333333,0.14,4.933333333,46.46666667,25.33333333,2.46,1.293333333,53.42465753,200.2666667,324,60.7134,4.45789,13
"PGM",100,5,"100_5","LF",23,49,16,11,72,65,113.9018125,11.46235454,39.46632225,62.28,4.38,0.11,4.133333333,31.46666667,24.33333333,1.166666667,1.3,79.02902903,312.6666667,242.6666667,45.8853,6.76043,9
"PGM",100,6,"100_6","LBF",25,49,16,0,19,55,114.2628193,10.93126196,34.01747769,48.99,4.406666667,0.09,2.466666667,26.66666667,20.53333333,1.12,1.146666667,60.74257426,122.7333333,238.6666667,69.6247,1.22196,13
"PGM",100,9,"100_9","LBF",19,38,17,1,19,16,15.15094662,8.421195098,11.20559814,60.45,4.553333333,0.11,6,58.4,41.13333333,1.993333333,0.713333333,57.01863354,210.6666667,194.6666667,62.8819,4.38745,14
"PGM",142,1,"142_1","LF",23,38,26,19,79,46,87.80951782,8.125422855,26.47313805,54.49,4.653333333,0.13,3.133333333,43.33333333,35.46666667,1.78,0.913333333,83.74470207,232.8,728,141.826,2.06856,5
"PGM",142,11,"142_11","PA",11,24,9,0,5,0,0.386795401,2.350434531,0,81.56,5.853333333,0.16,3.066666667,87.86666667,39.26666667,4.006666667,0.173333333,27.99102692,257.2666667,693.3333333,105.778,3.67571,9
"PGM",142,12,"142_12","LBF",18,35,17,18,63,55,125.3605733,7.277265874,14.74334435,90.36,4.773333333,0.18,2.866666667,36.6,27.13333333,3.106666667,1.086666667,42.49875807,234.2,520,96.8697,7.48225,6
"PGM",142,13,"142_13","SFyoung",24,26,16,5,22,25,18.86652831,9.861049868,6.493806272,79.26,5.133333333,0.16,2.466666667,41.13333333,27.6,2.84,0.813333333,86.06271777,318.2222222,593.3333333,76.5283,4.5941,3
"PGM",142,3,"142_3","LF",18,52,29,18,75,69,128.0383727,7.926171224,32.35022397,56.93,4.56,0.11,2.8,34.8,28.8,1.366666667,1.206666667,11.91005683,185,456,87.2454,3.98108,3
"PGM",142,4,"142_4","LBF",26,61,20,10,79,50,140.5845921,7.947101555,28.8529712,63.26,4.76,0.13,4.266666667,30.33333333,17.93333333,1.16,1.26,67.17310087,258.25,562.5,77.3848,7.09201,4
"PGM",142,5,"142_5","LF",18,20,29,25,63,55,257.9174932,10.03462455,12.52165956,112.4,5.246666667,0.23,3.866666667,93.66666667,58.53333333,4.186666667,0.373333333,86.29897679,321.1333333,624,127.853,2.66118,2
"PGM",142,6,"142_6","LBF",30,35,20,26,48,49,75.65209617,5.378503089,10.09423548,135.39,5.22,0.27,4.866666667,71.93333333,42.93333333,5.373333333,0.413333333,55.15271915,341.6,214.6666667,80.5293,7.99375,1
"PGM",142,7,"142_7","PA",25,25,12,1,5,0,1.621393913,4.090196093,0.003638632,77.28,5.6,0.17,4.777777778,96.33333333,52.77777778,6.133333333,0.211111111,1.891488303,331.25,617.5,112.553,3.21988,1
"PGM",142,8,"142_8","PA",16,31,9,0,0,0,0,1.033371333,0,77.86,5.133333333,0.13,6.111111111,43.11111111,25.66666667,2.933333333,0.322222222,34.37888972,166.2222222,308.8888889,61.5871,6.42166,6
"PGM",142,9,"142_9","PA",10,30,7,0,5,0,0.343305756,2.610210956,3.954801773,70.51,5.68,0.16,4.2,66.93333333,33.13333333,4.06,0.306666667,0.099502488,332.8,618.6666667,136.443,4.22263,5
"PGM",147,1,"147_1","LF",27,55,15,13,73,64,99.28677709,7.962112801,25.51310297,66.07,4.92,0.19,1.2,41.46666667,24.66666667,2.626666667,0.653333333,95.89384076,262.75,701.6666667,148.747,3.82344,5
"PGM",147,11,"147_11","LF",22,55,19,11,57,54,133.8508354,13.01900159,40.16646297,66.94,4.3,0.2,2.133333333,41.73333333,31.6,2.293333333,0.773333333,71.62837163,242.2666667,729.3333333,147.638,2.99201,4
"PGM",147,12,"147_12","PA",19,52,11,0,0,0,0,1.6371045,0,29.49,4.58,0.07,2.733333333,22.4,14.73333333,1.926666667,0.473333333,28.15461347,101.4666667,245.3333333,78.88,1.14718,6
"PGM",147,13,"147_13","SFyoung",20,35,10,0,2,2,1.291180966,10.38420165,1.120053655,71.27,4.866666667,0.15,1.266666667,56.33333333,33.33333333,2.373333333,0.633333333,56.87982085,301.9333333,653.3333333,130.647,4.40931,12
"PGM",147,2,"147_2","LBF",30,49,16,14,65,57,91.58682293,10.62582237,22.241313,82.76,5.486666667,0.21,1.6,68.2,43.6,4.68,0.42,65.07581407,292.3333333,630.6666667,149.49,5.50123,5
"PGM",147,3,"147_3","LBF",29,56,9,11,80,56,92.79769929,9.881861285,23.07462569,66.61,4.866666667,0.19,1.266666667,48.4,35.46666667,2.306666667,0.58,70.09742693,291.0666667,668,130.511,8.12207,2
"PGM",147,4,"147_4","SFyoung",32,50,12,15,31,34,58.38936055,7.942864868,2.960952302,90.19,4.48,0.22,3.333333333,48.06666667,40.46666667,2.78,0.926666667,40.69016882,301.4666667,598.6666667,117.73,11.531,7
"PGM",147,5,"147_5","LF",31,62,12,12,57,69,112.5821201,11.46897237,28.33026808,110,4.055555556,0.25,5.444444444,54.11111111,52.88888889,1.311111111,2.377777778,79.29318069,256.3333333,633.3333333,125.971,5.07388,5
"PGM",147,7,"147_7","LF",27,60,13,19,84,64,123.28103,6.868869272,49.6035425,95.7,4.533333333,0.25,4.2,65.13333333,47.46666667,3.426666667,0.973333333,90.41573313,296.2666667,577.3333333,130.284,7.56289,4
"PGM",147,8,"147_8","LF",28,60,19,17,64,72,126.4020745,9.862605933,11.89223738,66.9,4.733333333,0.19,1.4,38.4,26.8,1.873333333,0.826666667,98.71858058,296.5333333,670.6666667,150,0,7
"PGM",152,1,"152_1","SFold",18,45,4,7,21,11,37.32723572,10.76443705,2.013668443,75.87,4.111111111,0.14,6.111111111,30.11111111,24,0.733333333,1.666666667,18.91891892,208.2222222,200,72.0822,2.0981,6
"PGM",152,10,"152_10","PA",19,38,8,0,0,1,0.950552749,1.201193636,0.971525435,35,4.955555556,0.07,5.777777778,41.66666667,27.33333333,1.5,0.711111111,11.18322516,138.4444444,128.8888889,67.4203,2.15259,6
"PGM",152,11,"152_11","PA",12,45,11,0,1,2,0.287158777,1.005472707,1.885023884,35.13,4.9,0.09,3.444444444,128.1111111,88.11111111,3.744444444,3,34.91432828,285.3333333,253.3333333,94.0342,4.11291,8
"PGM",152,12,"152_12","PA",11,35,5,0,0,0,0,0.187264588,1.050143599,44.1,5.188888889,0.09,4.555555556,36.77777778,34.33333333,1.111111111,0.822222222,20.39800995,364.6666667,135.5555556,80,0.00495178,3
"PGM",152,2,"152_2","SFyoung",24,37,10,8,28,18,34.36265568,8.405241831,2.050289177,59.04,4.455555556,0.11,8.222222222,53.66666667,34.11111111,0.933333333,1.166666667,25.58662007,333.8888889,111.1111111,78.6838,1.60325,11
"PGM",152,3,"152_3","SFyoung",21,53,7,4,34,23,47.45366323,6.504976879,3.641900357,41.67,4.025,0.08,14.125,38.75,25.625,1.1625,1.2375,14.05742821,105.375,140,70,0,9
"PGM",152,4,"152_4","SFold",25,25,12,8,40,28,58.20168765,12.76903137,7.341484291,44.09,4.133333333,0.08,6.333333333,43,33.22222222,0.877777778,1.488888889,39.03769841,156.5555556,108.8888889,78.9672,2.29981,11
"PGM",152,5,"152_5","PA",10,33,5,0,1,0,0.005107374,2.66931856,0.028163037,60.52,4.644444444,0.12,7.555555556,32,20.11111111,1.511111111,0.8,8.706529897,215.1111111,146.6666667,79.9933,0.0754283,3
"PGM",152,6,"152_6","SFold",17,33,10,5,35,32,55.05138079,12.46017329,2.598850305,86.22,4.166666667,0.16,8.666666667,55.44444444,42.33333333,1.144444444,2.033333333,23.66260264,319.4444444,213.3333333,80,0.000522016,5
"PGM",152,7,"152_7","SFyoung",21,47,4,3,19,11,10.60047011,9.250552096,2.754294838,44.62,4.511111111,0.08,6.666666667,32.11111111,19.22222222,1.444444444,0.722222222,36.10486891,213.2222222,115.5555556,84.2672,2.45819,14
"PGM",152,8,"152_8","SFyoung",22,47,10,9,40,24,46.44217225,12.98515428,6.192704416,47.96,4.244444444,0.09,6.444444444,32.66666667,21.44444444,0.744444444,1.388888889,15.61403509,154.8888889,108.8888889,82.1753,2.56659,14
"PGM",152,9,"152_9","PA",7,50,3,0,2,0,0.024421159,1.43072,0,34.49,5.188888889,0.06,5.444444444,24.77777778,20.55555556,0.755555556,0.711111111,24.45054945,167.6666667,122.2222222,80,0,7
"PGM",202,1,"202_1","LBF",25,40,16,15,71,66,83.92342096,10.69646621,23.93181484,57,4.866666667,0.16,1.533333333,43.2,28.33333333,2.98,0.52,55.97718254,218,740,144.779,4.11972,5
"PGM",202,12,"202_12","PA",9,21,9,0,0,0,0,1.65152,0,53.83,5.506666667,0.14,2,61.6,35.86666667,3.253333333,0.166666667,2.793714143,181.2,786.6666667,145.449,2.34099,1
"PGM",202,13,"202_13","LBF",20,46,20,15,55,63,71.38053808,11.06040731,10.83888848,58.54,5.006666667,0.18,1.866666667,41.46666667,28.06666667,2.78,0.613333333,42.70364818,233.5714286,734.2857143,143.482,2.74713,10
"PGM",202,2,"202_2","LBF",17,40,10,10,48,33,41.10912059,10.99054456,4.235351669,99.11,5.006666667,0.27,4.6,93.33333333,60.26666667,5.953333333,0.286666667,49.19174335,291.2,626.6666667,131.894,3.99003,5
"PGM",202,3,"202_3","MA",11,21,5,0,0,0,0,0,0,47.53,4.673333333,0.12,2.533333333,33.13333333,22.93333333,1.713333333,0.773333333,0.423306773,213.3333333,648,107.722,4.60957,3
"PGM",202,5,"202_5","PA",9,7,6,0,0,0,0,0,0,38.2,5.213333333,0.08,3.066666667,56.73333333,27.93333333,2.013333333,0.366666667,16.63765233,172.6428571,272.8571429,93.4648,2.41336,4
"PGM",202,6,"202_6","MA",9,11,6,0,0,0,0,0,0,70.11,5.126666667,0.17,4.6,89.6,43.66666667,2.946666667,0.413333333,1.06991789,250.5333333,696,120.05,4.17049,1
"PGM",202,7,"202_7","PA",18,38,9,0,4,1,0.301372709,1.924821333,0.124615132,62.14,5.593333333,0.15,2,46.86666667,24.66666667,3.94,0.16,11.29394166,226.4,686.6666667,110.972,4.42547,9
"PGM",202,9,"202_9","PA",16,19,7,0,0,0,0,0.002473333,0,34.81,5.36,0.09,3.666666667,64.53333333,30.86666667,2.026666667,0.266666667,1.669157947,100.4666667,384,82.9826,1.99919,1
"PGM",235,1,"235_1","LF",11,38,17,21,78,58,128.3159716,10.38609815,13.32360176,65.38,4.713333333,0.17,2.333333333,42,31.86666667,2.006666667,0.986666667,15.54003492,305.8888889,608.8888889,142.194,7.42126,6
"PGM",235,10,"235_10","PA",18,32,10,0,0,0,0,1.8339968,0.207676047,60,5.926666667,0.15,5.066666667,41.93333333,27.46666667,3.8,0.12,2.46882793,240.1111111,726.6666667,139.914,2.59525,NA
"PGM",235,3,"235_3","LBF",32,38,22,16,57,60,54.60363254,9.317715003,30.53377727,60.27,5.1,0.16,1.666666667,65.73333333,34.8,3.613333333,0.32,81.60526958,228.2222222,748.8888889,159.179,1.53142,4
"PGM",235,4,"235_4","SFold",22,37,19,9,59,47,60.01028391,15.12183163,6.532373417,79.37,5.266666667,0.19,3,62.4,32.53333333,4.486666667,0.353333333,30.82559844,257.2222222,686.6666667,134.285,4.69446,3
"PGM",235,5,"235_5","SFyoung",24,23,17,9,26,10,30.02362811,12.40604853,0.22539012,40.34,4.973333333,0.09,5.066666667,34.86666667,18.66666667,1.473333333,0.7,31.99401048,157.3333333,162.2222222,113.495,8.01379,7
"PGM",235,6,"235_6","PA",11,22,9,0,1,1,0,2.744989,0.078112406,60.34,5.593333333,0.15,6.066666667,56.4,28.73333333,2.953333333,0.286666667,0.648379052,318.2222222,644.4444444,145.062,4.30332,1
"PGM",235,7,"235_7","PA",16,25,9,0,1,0,0.018206817,1.80596,0,74.33,5.633333333,0.19,9.8,56.13333333,29.4,4.226666667,0.2,6.346826587,305.625,512.5,131.971,4.16357,4
"PGM",235,8,"235_8","PA",17,10,13,0,0,0,0,1.15032,0,62.16,5.7,0.15,8.2,91.26666667,52.8,3.593333333,0.2,7.855361596,255.8888889,711.1111111,153.695,2.26765,3
"PGM",245,1,"245_1","PA",17,34,5,0,1,0,0.06906707,0.86416,0,34,5.155555556,0.06,3.333333333,38,26.22222222,1.644444444,0.444444444,1.601601602,138.4444444,188.8888889,102.715,3.43039,8
"PGM",245,11,"245_11","LBF",31,46,15,9,52,59,123.6270351,8.891190126,10.95849305,74.07,4.58,0.15,4.2,27.73333333,29.26666667,0.68,1.62,75.17641129,218.3333333,542.2222222,178.428,22.1861,15
"PGM",245,12,"245_12","PA",14,44,7,0,2,0,0.310647026,0.96192,0,26.35,4.973333333,0.05,8.6,40.26666667,27.73333333,1.186666667,0.473333333,8.354114713,207.8888889,100,70.1156,0.466717,6
"PGM",245,13,"245_13","PA",14,31,4,0,0,0,0,0,0,20.41,5.126666667,0.04,7.2,21,15.2,1.553333333,0.62,19.81037924,168.3333333,157.7777778,93.6547,2.73466,3
"PGM",245,14,"245_14","PA",20,31,6,0,3,1,1.383039113,2.238835606,0,26.71,5.213333333,0.05,6.333333333,19.33333333,14,1.693333333,0.306666667,13.95058647,149.8888889,162.2222222,88.8918,0.965001,3
"PGM",245,2,"245_2","LF",29,22,20,13,78,53,115.7497677,9.67430356,27.10767889,35.5,4.422222222,0.06,5.777777778,40.11111111,28.11111111,0.588888889,1.2,98.1394195,149.1111111,133.3333333,99.9992,0.028831,4
"PGM",245,4,"245_4","LF",32,49,16,14,46,58,95.37121935,6.642003006,13.87076178,26.89,4.733333333,0.07,7.466666667,35.4,26.33333333,1.026666667,1.106666667,98.32416208,212.7,180,85.6286,3.19691,4
"PGM",245,5,"245_5","LF",16,58,12,11,51,64,214.1149162,8.589717959,21.12035151,45.09,4.58,0.08,6.8,58.46666667,39.06666667,0.94,1.46,90.72864322,280.7777778,151.1111111,99.544,0.60186,12
"PGM",245,6,"245_6","LF",22,53,4,13,74,71,166.2762856,9.608067184,30.61709911,77.42,4.666666667,0.21,3.266666667,33.53333333,27.06666667,1.32,1.466666667,71.19700748,390.6666667,564.4444444,208.866,3.33213,6
"PGM",245,7,"245_7","SFyoung",46,33,8,9,39,35,57.24939216,9.291002395,2.568337015,43.11,4.96,0.08,5.666666667,27.53333333,22.4,1.1,0.986666667,53.975,271.5555556,117.7777778,85.7774,2.96027,9
"PGM",245,9,"245_9","LF",46,69,19,20,59,61,133.7224095,8.148961339,56.74157248,30.27,4.866666667,0.07,5.266666667,28.26666667,21.53333333,0.606666667,0.813333333,60.65737052,169.1111111,93.33333333,90.9242,1.49484,6
"PGM",269,1,"269_1","LBF",28,45,3,16,58,54,117.7800652,12.96411309,26.09769725,69.16,5.146666667,0.17,1.666666667,38.6,27.86666667,3.933333333,0.44,82.3968175,284.1111111,677.7777778,147.446,3.3442,5
"PGM",269,10,"269_10","LF",28,42,10,14,57,64,123.9608501,9.926963767,39.00264873,62,4.213333333,0.17,4.6,38.53333333,28.86666667,1.12,1.606666667,84.68042775,188.6666667,762.2222222,159.322,1.42748,8
"PGM",269,11,"269_11","LF",25,48,14,16,75,49,132.8449912,5.957931849,25.54927591,67.51,4.393333333,0.15,5.2,34.2,25.6,0.706666667,1.653333333,98.73699851,208.7777778,748.8888889,159.614,7.91498,7
"PGM",269,12,"269_12","PA",9,16,1,0,0,0,0,0.6384,0,41.35,5.6,0.07,7.4,28.8,14,2.606666667,0.24,18.27209533,79.77777778,251.1111111,78.1425,4.29687,3
"PGM",269,13,"269_13","PA",15,22,2,1,3,1,1.0439192,2.66344067,6.877189555,58.47,5.653333333,0.15,4.4,47.53333333,23.4,4.313333333,0.233333333,25.61368708,265.2222222,700,150,0,2
"PGM",269,14,"269_14","PA",17,17,3,0,0,0,0,0.58644,0,31.58,4.666666667,0.06,5,41.77777778,26.33333333,1.377777778,0.633333333,28.35487078,120.3333333,213.3333333,62.1071,1.86142,3
"PGM",269,15,"269_15","PA",25,37,1,0,1,0,0.188628447,3.830884667,0.087932109,42.61,5.133333333,0.08,5,18.73333333,11.86666667,2.353333333,0.333333333,27.93240557,110.5555556,233.3333333,64.8376,2.71103,1
"PGM",269,2,"269_2","LBF",26,40,3,17,41,43,68.82600009,9.66238864,22.27067831,64.7,4.98,0.18,1.466666667,36.46666667,27.26666667,3.286666667,0.553333333,72.98778968,309,617.7777778,149.994,0.108117,7
"PGM",269,4,"269_4","LF",23,51,11,22,68,59,181.8823853,10.59670629,42.08014185,49.5,4.54,0.16,1.733333333,33.4,25.73333333,1.66,1,96.23669225,286.1111111,680,159.967,0.335589,6
"PGM",269,6,"269_6","LBF",33,44,9,10,49,34,60.74082129,11.8262773,33.84976333,56.01,5.233333333,0.15,1.666666667,38.44444444,27.22222222,2.9,0.544444444,66.2027833,264.6666667,688.8888889,142.952,3.63853,7
"PGM",269,7,"269_7","LF",32,64,7,7,57,49,133.1015756,10.91942887,59.56802797,48.44,4.533333333,0.1,5.8,24.46666667,18.8,0.72,1.146666667,96.83291771,217.5555556,537.7777778,125.116,10.8808,6
"PGM",269,8,"269_8","LBF",35,75,10,7,70,57,193.2766869,8.259079385,4.545245429,40.03,4.666666667,0.09,3,23.93333333,16.46666667,0.606666667,1.133333333,97.7766675,211.8888889,428.8888889,107.685,3.1532,12
"PGM",274,1,"274_1","LBF",38,39,15,13,70,56,99.04586024,10.16235662,20.99651152,51.59,5.066666667,0.13,3,35.66666667,31.77777778,1.877777778,0.766666667,62.60956674,262.5555556,566.6666667,156.665,8.45525,5
"PGM",274,10,"274_10","PA",23,14,5,0,0,0,0,0.839942,0,59.08,5.144444444,0.14,4.666666667,75.66666667,46.66666667,3.3,0.144444444,41.40761005,225.7777778,740,171.146,1.71783,1
"PGM",274,11,"274_11","MA",12,9,3,0,0,0,0,0.926,0,62.27,4.866666667,0.15,5.777777778,62.22222222,42.44444444,3.1,0.422222222,28.95522388,312.4444444,653.3333333,180,0.0082273,2
"PGM",274,12,"274_12","MA",22,11,8,0,0,0,0,2.98908,0,53.35,4.633333333,0.13,5,50.33333333,31.55555556,1.966666667,0.711111111,8.918784255,207.5555556,771.1111111,189.946,0.37045,1
"PGM",274,2,"274_2","LBF",36,43,8,15,51,52,80.34068898,6.4757792,20.38140451,58.75,5.077777778,0.17,2.111111111,45.77777778,36.88888889,3.388888889,0.355555556,42.82147316,252.6666667,711.1111111,187.454,2.35076,5
"PGM",274,3,"274_3","LF",36,48,18,23,68,70,217.3863368,9.451297881,23.39147307,52.32,4.566666667,0.15,2.555555556,56.22222222,43.77777778,2.311111111,0.922222222,63.93562546,180,793.3333333,189.593,0.968842,6
"PGM",274,4,"274_4","LBF",34,49,14,14,52,56,76.43179192,12.63387961,16.42342898,52.54,5.077777778,0.15,1.888888889,58.77777778,38.55555556,3.333333333,0.4,37.59060235,196.4444444,771.1111111,183.401,2.56756,2
"PGM",274,6,"274_6","LBF",35,43,18,18,69,61,84.55914035,8.922247503,13.57173837,61.31,5.077777778,0.17,1.555555556,45.33333333,32.77777778,2.155555556,0.655555556,82.59895444,429.2222222,546.6666667,190,0,6
"PGM",274,7,"274_7","LBF",27,63,10,14,75,66,127.26487,7.300182377,36.06079013,53.66,4.577777778,0.13,2.666666667,41.33333333,27.77777778,1.6,1.122222222,67.26190476,287.7777778,682.2222222,174.758,3.95162,2
"PGM",274,8,"274_8","LBF",34,41,11,12,53,52,62.24307362,6.673018895,19.22696108,53.36,5.411111111,0.14,1.333333333,41,26.77777778,4.466666667,0.355555556,96.36996519,259.4444444,711.1111111,180,0,4
"PGM",274,9,"274_9","MA",14,11,5,0,0,0,0,0.78212,0,54.39,5.155555556,0.13,5.555555556,73.44444444,44.88888889,3.411111111,0.288888889,0.248818114,260.5555556,711.1111111,172.703,3.62644,2
"PGM",315,1,"315_1","LBF",26,56,27,12,60,43,71.73035919,10.41718997,29.61950272,36.42,4.077777778,0.08,3.555555556,27.66666667,17.44444444,0.644444444,1.244444444,50.27363184,66,191.1111111,111.443,2.20534,8
"PGM",315,11,"315_11","LBF",29,61,17,6,28,8,15.54980941,6.969179412,27.23572236,52.39,5.633333333,0.14,4.666666667,67.77777778,45.77777778,4.477777778,0.2,71.50284724,277.1111111,680,181.386,5.31217,6
"PGM",315,2,"315_2","SFyoung",28,43,23,1,19,21,28.12953757,8.496971494,4.130668689,58.6,4.5,0.15,1.777777778,41.88888889,26.22222222,1.8,0.922222222,50.43564849,179.2222222,795.5555556,168.15,13.0929,11
"PGM",315,3,"315_3","LBF",23,62,30,14,83,65,123.7827807,8.185549153,25.52310369,37.92,4.3375,0.09,3.125,33.0625,53.625,0.84375,1.30625,53.28194928,118.1,408,120.262,3.67892,11
"PGM",315,4,"315_4","LBF",28,42,30,8,51,36,119.1228497,13.70798818,46.70967541,36.65,3.888888889,0.08,5.777777778,45.11111111,28.22222222,1.288888889,1.122222222,61.14130435,69.66666667,248.8888889,109.767,4.45729,9
"PGM",315,5,"315_5","LBF",22,40,20,1,12,4,6.117914224,5.107460781,9.74796457,54.95,5.433333333,0.14,3,123.4,89,3.76,0.353333333,52.89873103,287,677.7777778,191.934,1.04414,7
"PGM",315,6,"315_6","MA",7,18,8,0,0,0,0,0,0,51.37,4.622222222,0.13,2.222222222,118.6666667,68.55555556,3.133333333,0.511111111,34.86398802,195.4444444,766.6666667,176.001,2.87276,3
"PGM",315,7,"315_7","PA",17,34,12,0,3,0,0.024908625,10.73915482,0.386677308,34.2,4.726666667,0.06,3,34.33333333,40.26666667,1.44,0.606666667,14.64872945,73.22222222,217.7777778,85.5039,2.66033,8
"PGM",315,8,"315_8","PA",12,21,10,0,0,0,0,1.6356,0,57.04,5.42,0.14,3,113.6,54.13333333,3.066666667,0.3,0.024925224,300.7777778,617.7777778,181.668,0.962934,2
"PGM",315,9,"315_9","MA",16,16,11,0,0,0,0,0,0,55.38,5.133333333,0.13,3.6,55,17.13333333,3.173333333,0.333333333,31.16429818,278.7777778,688.8888889,165.498,4.24662,6
"PGM",342,1,"342_1","LF",25,79,32,12,68,53,113.4753233,14.2827872,18.11778803,154.98,4.54,0.23,4.6,53.4,25.33333333,1.226666667,1.833333333,95.51010227,293.1111111,411.1111111,77.9153,5.80172,5
"PGM",342,10,"342_10","SFyoung",15,60,26,10,49,44,72.15434008,6.872160699,7.407628803,45.48,4.053333333,0.08,4.933333333,19.26666667,19.26666667,0.486666667,1.42,86.73267327,258.4444444,708.8888889,50.0652,0.37429,4
"PGM",342,11,"342_11","SFyoung",23,61,28,12,45,46,73.46107081,6.592581711,4.814304043,61.21,4.5,0.12,5.133333333,28.33333333,24,0.566666667,1.506666667,88.06747705,241.3333333,688.8888889,55.7808,3.97053,10
"PGM",342,12,"342_12","SFold",18,39,22,13,40,52,107.0018438,7.57058944,30.07717789,68.24,4.26,0.17,2.333333333,32.93333333,24.73333333,0.666666667,1.66,73.49726776,211.4444444,531.1111111,98.1078,5.24879,4
"PGM",342,2,"342_2","LF",26,61,21,8,63,46,105.5572004,8.214027554,65.6614417,72.69,4.173333333,0.16,2.933333333,29.4,17.93333333,0.993333333,1.713333333,99.57763975,206,760,109.65,1.02797,6
"PGM",342,3,"342_3","LF",20,51,18,5,58,25,69.40645393,7.066696697,28.81862916,57.38,4.486666667,0.17,2.666666667,26,20.6,1.033333333,1.486666667,99.62825279,299,672,116.301,3.84536,6
"PGM",342,4,"342_4","LF",22,60,34,13,69,60,139.1545231,6.797652695,27.98626712,84.33,4.353333333,0.19,5.4,41.06666667,30.8,1.713333333,1.413333333,99.60199005,225.2,614.6666667,95.9878,4.60927,7
"PGM",342,5,"342_5","LF",19,53,20,18,69,63,126.8669911,9.575323488,47.9085217,73.21,4.533333333,0.2,3.6,33.4,32.13333333,2.62,1.18,99.47903746,224.7333333,696,107.851,2.7342,4
"PGM",342,6,"342_6","LF",18,65,26,11,82,53,113.8793774,8.700948323,34.36784663,43.97,4.06,0.07,6.266666667,33.66666667,41.86666667,0.82,1.38,94.06968125,261.8888889,553.3333333,67.6509,2.12011,6
"PGM",342,7,"342_7","LF",30,44,29,20,63,52,78.80721056,7.348983732,38.4588395,54.98,4.62,0.17,2.4,51.2,55.06666667,1.766666667,1.006666667,96.01096983,284.2222222,571.1111111,120,0,NA
"PGM",342,8,"342_8","LF",16,49,27,18,66,52,110.29828,12.93010555,43.76383871,71.29,4.44,0.17,3,56.53333333,42.13333333,1.98,1,99.74987494,280.7777778,491.1111111,110.328,0.743928,7
"PGM",342,9,"342_9","LBF",12,71,25,15,57,51,157.9512891,10.59583308,31.99738258,78.39,4.533333333,0.18,2.533333333,30.86666667,21.33333333,1.706666667,1.233333333,94.94270055,161,375.5555556,86.8101,7.77381,10
"PGM",358,4,"358_4","LF",34,67,24,24,64,59,143.253466,10.2318792,7.949163513,73.63,4.986666667,0.18,1.933333333,48.33333333,30,3.233333333,0.5,96.03272998,269.2222222,682.2222222,201.417,1.12192,16
"PGM",358,5,"358_5","LBF",38,35,26,9,59,58,87.01003975,13.77317367,38.97935757,55.86,4.673333333,0.14,1.333333333,40.26666667,26.8,1.466666667,1.006666667,93.39481555,259.3333333,708.8888889,209.398,1.1677,16
"PGM",369,1,"369_1","LBF",28,43,20,15,37,36,50.26561357,9.957687308,10.99825921,57.6,5.188888889,0.14,2,48.22222222,32.22222222,4.155555556,0.488888889,88.51568288,272.1111111,671.1111111,160,0,4
"PGM",369,10,"369_10","LF",23,58,18,9,70,58,149.7202339,8.768460358,49.17885092,48.64,4.533333333,0.09,4.111111111,27.33333333,25,0.677777778,1.233333333,87.48118414,191,484.4444444,108.811,1.5382,6
"PGM",369,11,"369_11","PA",24,19,10,0,1,0,0.012785537,3.134824576,8.532822284,44.67,4.8,0.1,5,77,59.22222222,3.044444444,0.788888889,2.776400595,234,697.7777778,107.831,3.36338,6
"PGM",369,12,"369_12","PA",19,26,10,0,0,0,0,1.615408889,0.218863542,48.07,4.788888889,0.1,3.333333333,38.77777778,35.55555556,1.366666667,0.633333333,1.910669975,208.6666667,482.2222222,82.2423,3.86906,6
"PGM",369,13,"369_13","PA",19,27,14,0,1,0,0.010122599,2.20204411,0.441789459,50.35,5.111111111,0.12,3.333333333,57.22222222,52.11111111,2.155555556,0.666666667,19.10307235,264.1111111,653.3333333,98.7857,4.51609,4
"PGM",369,3,"369_3","LF",25,36,25,27,50,50,74.73253189,8.028595155,5.786574568,52.27,4.233333333,0.13,1.333333333,32.11111111,23.55555556,0.744444444,1.777777778,62.27678571,170.3333333,806.6666667,147.621,4.41388,6
"PGM",369,4,"369_4","LF",18,65,22,5,55,40,104.0889993,11.25318668,21.73693753,57.88,4.666666667,0.13,1,22.88888889,20.44444444,0.666666667,1.1,75.53455992,153.4444444,624.4444444,117.856,2.61989,8
"PGM",369,5,"369_5","LBF",23,45,21,21,51,51,118.0590064,9.356313129,40.36751587,70.36,4.688888889,0.18,2,45.11111111,26.11111111,3.211111111,0.622222222,65.82939567,171.5555556,795.5555556,159.245,1.05655,3
"PGM",369,6,"369_6","LBF",21,49,18,20,37,34,58.04370371,8.226379911,21.80483076,65.36,4.777777778,0.17,3.444444444,41.77777778,31.44444444,3.622222222,0.577777778,87.73373224,222.2222222,753.3333333,151.333,1.15054,2
"PGM",369,7,"369_7","LF",29,45,20,11,82,64,109.5061171,9.596202004,31.75858672,51.51,4.644444444,0.16,3,47.11111111,46.11111111,2.411111111,0.933333333,99.52736318,249.1111111,671.1111111,170,0,9
"PGM",369,8,"369_8","LF",29,45,19,12,67,58,98.51117026,7.426809558,30.39662488,59.63,4.522222222,0.15,3.222222222,34.77777778,28.66666667,2.155555556,1.055555556,90.15904573,271.3333333,704.7777778,168.676,1.78134,5
"PGM",423,1,"423_1","LBF",39,32,10,3,38,21,55.11195132,9.40345785,18.84182391,30.47,4.711111111,0.06,4.444444444,35.11111111,39.11111111,1.388888889,0.733333333,36.55753968,112.1111111,235.5555556,112.461,2.77551,4
"PGM",423,10,"423_10","MA",23,18,4,0,0,0,0,0,0,69.89,5.111111111,0.16,3.222222222,64.88888889,46.88888889,4.377777778,0.322222222,29.58829365,220.5555556,715.5555556,187.645,2.42815,2
"PGM",423,11,"423_11","MA",12,6,3,0,0,0,0,2.1138,0,62.77,4.866666667,0.15,4.555555556,79.22222222,51.11111111,3.1,0.388888889,18.69554394,253.8888889,702.2222222,175.084,1.79102,4
"PGM",423,12,"423_12","MA",14,8,10,0,0,0,0,0,0,55.64,4.933333333,0.14,3.444444444,46.66666667,29.44444444,3.088888889,0.511111111,44.59057072,199.6666667,771.1111111,189.335,1.14944,2
"PGM",423,5,"423_5","LBF",37,40,10,3,38,33,98.63800975,10.58607451,23.71049267,89.81,4.511111111,0.19,3.888888889,82.33333333,66.11111111,2.877777778,0.988888889,23.66834171,189.5555556,482.2222222,144.681,13.1003,3
"PGM",423,6,"423_6","LBF",32,46,19,7,42,37,83.19702074,9.302183014,33.91019111,26.75,4.622222222,0.05,2.555555556,24.55555556,16.88888889,1.255555556,0.533333333,47.99498747,125.2222222,202.2222222,126.113,3.97334,6
"PGM",423,7,"423_7","LF",21,64,8,13,59,59,221.1138381,9.255832746,28.27804562,63.86,4.611111111,0.16,2.111111111,43,30.66666667,2.311111111,0.833333333,97.9384004,201.2222222,777.7777778,198.457,4.28514,2
"PGM",423,9,"423_9","LBF",28,51,5,3,33,21,44.46567348,9.335410889,18.40126168,34.36,4.455555556,0.07,3.777777778,24.88888889,31,1.444444444,0.811111111,24.59506604,148.6666667,262.2222222,129.719,1.81365,3
"PGM",443,1,"443_1","LBF",21,56,10,11,34,52,59.04195154,12.43726642,82.62974376,27.63,5.113333333,0.05,4.933333333,28.73333333,20.66666667,2.353333333,0.313333333,91.48564295,132.6666667,120,122.955,2.92461,6
"PGM",443,2,"443_2","LF",18,56,12,13,51,62,133.062027,7.507878752,30.46461519,34.13,4.406666667,0.07,4.066666667,30,22,1.28,0.726666667,75.62250996,168.3333333,124.4444444,130.123,1.09725,7
"PGM",443,3,"443_3","PA",26,36,2,0,0,0,0,2.5098,0,27.6,4.833333333,0.05,5.533333333,22.86666667,13.66666667,1.746666667,0.326666667,3.663094941,106.8888889,164.4444444,90,0,2
"PGM",443,4,"443_4","LF",28,42,4,17,61,56,125.4631246,9.253017975,21.01041984,28.23,4.626666667,0.05,3,20.93333333,21.8,0.76,0.72,20.99900596,217.7777778,208.8888889,121.592,2.6307,11
"PGM",443,5,"443_5","PA",23,29,5,0,0,0,0,4.783015967,0.188377094,39.94,5.586666667,0.06,5.4,58,33.53333333,3.326666667,0.146666667,42.95352324,223.6666667,266.6666667,117.132,3.16073,1
"PGM",443,6,"443_6","PA",27,23,2,0,0,0,0,2.7166014,0.088979916,23.66,4.746666667,0.04,3.8,24.86666667,12.6,1.36,0.42,2.068278096,151.125,210,97.6489,2.10039,2
"PGM",443,7,"443_7","PA",25,32,1,0,2,0,0.013874221,3.28179417,0.170059314,39.56,4.726666667,0.06,4.333333333,40.26666667,23.86666667,1.453333333,0.566666667,28.42576474,129.8888889,133.3333333,136.334,5.99603,13
"PGM",443,8,"443_8","PA",25,38,5,0,0,0,0,2.2954,0,31.2,5.453333333,0.05,7.066666667,35.26666667,24.4,2.386666667,0.253333333,52.08747515,116.3333333,137.7777778,113.649,3.435,4
"PGM",443,9,"443_9","PA",25,20,4,0,0,0,0,1.30456,0,29.3,4.793333333,0.05,5.866666667,23.4,18.66666667,1.446666667,0.453333333,0.698080279,120.625,187.5,83.9829,1.79517,5
"PGM",547,1,"547_1","LF",28,56,10,7,77,58,192.2415626,9.552182439,53.5202427,78.7,4.655555556,0.12,3.444444444,37.33333333,32.66666667,0.6,1.422222222,65.47530405,216.5555556,440,129.631,3.96231,11
"PGM",547,11,"547_11","PA",21,33,5,1,5,0,1.280037763,2.468516809,7.117760695,57.49,4.877777778,0.1,2.555555556,26.55555556,18,1.288888889,0.533333333,10.2926337,219.8888889,208.8888889,110.319,4.34736,3
"PGM",547,12,"547_12","PA",16,43,5,0,3,1,0.212602798,1.847848632,6.508065731,30.09,4.9125,0.05,3.125,23.875,17.625,1.55,0.3375,25.31048187,110.25,252.5,108.3,1.93123,5
"PGM",547,13,"547_13","PA",20,30,3,0,6,0,0.208482332,4.20627584,8.846929923,76.4,5.177777778,0.15,2.777777778,69.88888889,72.66666667,3.188888889,0.466666667,18.66171004,231.3333333,506.6666667,140.891,2.85883,6
"PGM",547,14,"547_14","PA",17,20,4,0,0,0,0,4.803477115,2.809076967,120.5,5.333333333,0.24,2.222222222,77.44444444,48.11111111,4.555555556,0.3,7.236679058,228.3333333,257.7777778,144.474,4.43532,3
"PGM",547,2,"547_2","LF",33,49,8,18,78,63,80.4687845,9.225870319,35.9859113,51.9,4.6,0.14,1.444444444,60.66666667,40.66666667,2.166666667,0.8,83.37045286,161.6666667,800,173.768,3.89954,7
"PGM",547,5,"547_5","LF",29,64,3,15,59,46,131.2747654,10.30818706,41.45019503,66.8,4.455555556,0.14,1.444444444,30.66666667,22,1.533333333,1.044444444,95.89920949,184.2222222,791.1111111,184.108,1.97998,12
"PGM",547,6,"547_6","PA",23,23,7,0,1,0,0.013303097,2.007777103,0.940862657,56.72,4.444444444,0.11,1.555555556,35.33333333,18.55555556,0.966666667,0.933333333,1.909248698,191.3333333,524.4444444,111.838,5.51372,2
"PGM",547,7,"547_7","PA",26,30,5,0,1,0,0.131984814,1.935713409,11.37421319,32.36,4.355555556,0.06,1.555555556,18.44444444,10.44444444,0.966666667,0.677777778,16.64179104,104.1111111,222.2222222,107.501,7.47102,4
"PGM",547,9,"547_9","PA",18,29,1,0,0,0,0,5.702692063,4.392413265,42.8,4.955555556,0.08,3.111111111,49.77777778,29.11111111,1.911111111,0.466666667,9.634055265,114.8888889,357.7777778,106.223,3.76938,6
"PGM",549,1,"549_1","UF",29,65,22,23,67,60,180.194592,12.04022113,27.66504966,34.2,4.322222222,0.06,2.444444444,18.22222222,15.55555556,0.411111111,1.088888889,100,156.2222222,393.3333333,100,0,7
"PGM",549,10,"549_10","UF",37,54,22,17,54,66,197.3451602,7.509818001,10.43293582,38.54,4.1,0.06,4.466666667,29,33.6,0.866666667,1.04,99.9497992,142.2222222,168.8888889,101.076,1.13495,NA
"PGM",549,11,"549_11","LF",35,44,11,31,99,82,171.376247,11.57065395,26.2028435,102.02,4.688888889,0.19,2.333333333,46.44444444,28.55555556,2.655555556,1.222222222,99.82694685,282.5555556,620,139.47,6.44885,4
"PGM",549,12,"549_12","UF",26,54,27,16,72,73,232.3566711,7.770887103,19.69408792,39.04,4.211111111,0.07,2.222222222,23.88888889,20.88888889,0.422222222,1.277777778,100,180.1111111,286.6666667,113.698,2.5152,9
"PGM",549,2,"549_2","UF",23,53,17,16,46,68,157.2858988,4.8729974,12.13506406,39.12,4.744444444,0.06,1.888888889,19.55555556,20.77777778,0.366666667,0.877777778,99.62509373,219.5555556,277.7777778,114.846,2.29672,6
"PGM",549,3,"549_3","UF",29,58,17,21,71,66,165.7410863,7.492249571,25.63407251,39.65,4.477777778,0.07,2,20.33333333,26.77777778,0.411111111,1.111111111,99.92498125,226.8888889,455.5555556,114.205,2.49052,7
"PGM",549,4,"549_4","LF",33,63,16,11,66,64,203.2735644,10.81441621,13.72356917,70.32,4.566666667,0.15,1.444444444,33.22222222,42.66666667,0.688888889,1.588888889,99.92553984,271,604.4444444,142.417,8.07765,11
"PGM",549,5,"549_5","UF",28,55,19,8,62,69,151.5793226,7.972556758,43.18286467,38.35,4.48,0.06,2.4,23.26666667,25.6,0.74,0.933333333,99.79994999,190.6666667,180,112.085,2.63319,12
"PGM",549,6,"549_6","UF",25,46,19,10,56,68,269.1563271,8.798651311,16.94797798,66.64,4.444444444,0.13,2.444444444,34.55555556,30.33333333,0.477777778,1.555555556,99.9750996,216.5555556,502.2222222,135.608,7.12606,8
"PGM",549,7,"549_7","UF",26,45,20,13,57,64,315.8216594,6.454561399,26.84716481,34.65,4.04,0.06,3.2,23.46666667,20.73333333,0.82,1.126666667,100,143.5555556,160,106.756,2.3772,6
"PGM",549,8,"549_8","UF",34,30,25,17,42,62,163.0171479,7.633699462,18.53670632,44.19,3.973333333,0.07,4.266666667,24,24.66666667,0.773333333,1.373333333,100,119.4444444,191.1111111,100.275,0.815972,8
"PGM",549,9,"549_9","LF",30,45,16,15,80,54,113.7560871,8.422679363,51.83807392,58.42,4.52,0.15,2.6,28.53333333,27.93333333,1.7,0.946666667,100,333.2222222,640,159.847,0.38598,13
