"Region","Catchment","Transect","Transect_code","LU_FT_Code","foresttype1_1km","SILT_ALL","CLAY_ALL","ELEV_MEAN","SLOPE_MEAN"
"STM",103,1,"103_1","AP",31.31338115,194.0714286,782.8571429,168.359,1.25086
"STM",103,2,"103_2","SFinter",36.73826174,176.1333333,794.6666667,150.581,1.00192
"STM",103,3,"103_3","Sfold",38.77241728,146.2,818.6666667,170.672,2.23298
"STM",103,4,"103_4","PA",25.78960458,165.7333333,813.3333333,168.124,2.40037
"STM",103,5,"103_5","SFinter",23.07883611,200.8,773.3333333,169.071,1.20009
"STM",103,7,"103_7","AP",53.22661331,302.2666667,458.6666667,186.09,1.61498
"STM",103,8,"103_8","SFold",21.29144852,165.7333333,813.3333333,172.263,2.184
"STM",103,9,"103_9","SFinter",27.47882412,228.8666667,681.3333333,154.129,0.73445
"STM",112,1,"112_1","MA",12.8243513,186.8,764,138.954,6.54554
"STM",112,11,"112_11","MA",11.57580284,168.2,801.3333333,131.523,0.275105
"STM",112,12,"112_12","PFlog",62.50309176,137.2,800,139.031,1.76476
"STM",112,2,"112_2","FRU",19.83143282,156.9333333,774.6666667,154.437,5.01439
"STM",112,3,"112_3","SFold",37.39151996,117.8,797.3333333,163.412,4.02261
"STM",112,4,"112_4","SFyoung",9.269872913,147.9333333,792,143.894,4.92614
"STM",112,5,"112_5","PA",26.74302789,128.6666667,829.3333333,151.944,4.00873
"STM",112,7,"112_7","PA",21.71855542,253.5333333,653.3333333,147.27,2.02732
"STM",112,8,"112_8","PFlog",49.04904905,129.2666667,818.6666667,143.448,10.3262
"STM",112,9,"112_9","FRU",14.38902743,222.0666667,732,139.492,3.46392
"STM",125,10,"125_10","PFbur",70.56051587,145.0666667,737.3333333,145.75,10.6478
"STM",125,12,"125_12","MA",3.112549801,218.8,768,130.824,2.05885
"STM",125,2,"125_2","MA",3.306812531,434.8666667,546.6666667,142.3,0.485776
"STM",125,3,"125_3","PA",17.75956284,175.2,802.6666667,103.672,5.49483
"STM",125,5,"125_5","SFinter",12.75167785,241,718.6666667,118.365,4.09188
"STM",125,6,"125_6","SFold",22.52925068,256.6666667,718.6666667,136.046,1.23544
"STM",125,8,"125_8","MA",45.02982107,187.8,794.6666667,146.661,1.77297
"STM",125,9,"125_9","PFlog",58.4,119.0666667,825.3333333,154.137,3.21726
"STM",129,10,"129_10","PFlogbur",27.31332176,143.1333333,794.6666667,112.97,3.17764
"STM",129,11,"129_11","SFold",43.68787276,180.4,754.6666667,119.922,3.72949
"STM",129,12,"129_12","MA",25.35421327,221.3333333,725.3333333,129.683,2.78649
"STM",129,5,"129_5","PFlogbur",41.35787118,150.8,582.6666667,96.7326,6.34254
"STM",129,6,"129_6","PA",14.17461114,266.2666667,642.6666667,96.6435,5.00123
"STM",129,7,"129_7","PA",17.41839023,89.46666667,198.6666667,73.2265,1.55525
"STM",129,8,"129_8","PA",26.24411983,128.6666667,312,77.9359,5.62945
"STM",129,9,"129_9","MA",38.78550441,190.7333333,726.6666667,113.566,3.14546
"STM",157,1,"157_1","SFold",88.77018634,151,812,153.608,5.14636
"STM",157,11,"157_11","SHA",48.13432836,224.6,722.6666667,142.056,5.73848
"STM",157,2,"157_2","PFlogbur",65.38270378,172.9333333,720,131.324,4.7682
"STM",157,3,"157_3","PFlogbur",84.5314824,209.9333333,765.3333333,150.398,3.76994
"STM",157,4,"157_4","PFlog",96.14903726,174.9333333,798.6666667,130.009,7.96621
"STM",157,5,"157_5","PFlog",99.34967484,155.2666667,822.6666667,163.361,3.09304
"STM",157,6,"157_6","PFlog",88.95552224,203,758.6666667,118.648,1.22847
"STM",157,7,"157_7","PA",31.30759651,142.5333333,800,115.952,5.42573
"STM",157,8,"157_8","SFold",68.37371971,184.7333333,585.3333333,97.4895,11.801
"STM",160,10,"160_10","PFlog",96.01593625,164.1333333,806.6666667,189.437,1.08097
"STM",160,11,"160_11","SFold",18.26563668,189.3333333,598.6666667,119.415,9.40989
"STM",160,12,"160_12","MA",9.970089731,225.9285714,657.1428571,103,7.83555
"STM",160,5,"160_5","SFold",46.370666,192.1333333,653.3333333,125.93,4.743
"STM",160,8,"160_8","SFold",48.32381425,112.7333333,721.3333333,123.607,6.12149
"STM",165,1,"165_1","PFlogbur",81.86580195,39.13333333,56,60.9728,8.74916
"STM",165,2,"165_2","PFbur",99.69902182,63.07142857,292.8571429,78.8408,11.3785
"STM",165,3,"165_3","PFbur",99.19191919,52.72727273,134.5454545,48.9993,4.23619
"STM",165,4,"165_4","PFlogbur",95.11044924,77.26666667,400,125.295,19.0908
"STM",165,5,"165_5","PFlogbur",97.36971485,193.8666667,769.3333333,163.782,3.58646
"STM",165,6,"165_6","PFbur",93.46633416,28.90909091,61.81818182,36.5487,7.90095
"STM",165,7,"165_7","PFlogbur",98.65303068,58.92857143,120,48.0721,7.71986
"STM",199,1,"199_1","MA",12.23932473,81.2,382.6666667,59.6103,1.84212
"STM",199,2,"199_2","MA",35.5809903,81.2,382.6666667,74.4641,1.3043
"STM",199,3,"199_3","PFlogbur",60.58339566,94.4,356,117.489,7.2289
"STM",199,4,"199_4","SFyoung",34.09599602,143.6,673.3333333,72.313,5.1538
"STM",199,5,"199_5","PA",17.69537083,112.2666667,376,68.2165,1.90142
"STM",199,6,"199_6","SFold",44.95024876,190.7333333,708,94.8939,4.13151
"STM",199,8,"199_8","PA",28.94082546,208.2,290.6666667,60.5102,2.92196
"STM",199,9,"199_9","SFold",37.45299574,115.5333333,482.6666667,62.0541,3.59753
"STM",236,1,"236_1","MA",36.83818046,198.9333333,754.6666667,132.781,3.26998
"STM",236,2,"236_2","PFlogbur",60.36615537,139.6666667,689.3333333,115.576,3.88595
"STM",236,3,"236_3","PFlogbur",54.44582814,152.4,672,72.5826,5.26275
"STM",236,4,"236_4","SFinter",34.32835821,184.6666667,742.6666667,105.582,3.82184
"STM",236,5,"236_5","PFlog",56.83950617,124.2666667,477.3333333,80.1501,4.41241
"STM",236,6,"236_6","PFlog",83.98709037,140.8666667,774.6666667,127.488,4.56529
"STM",236,7,"236_7","PFlog",96.16247197,86.46666667,402.6666667,78.5996,5.8322
"STM",236,8,"236_8","PA",82.30750062,198.2,740,125.433,10.849
"STM",236,9,"236_9","PA",69.39182453,100.2,406.6666667,49.6381,7.55101
"STM",260,1,"260_1","PFlog",65.81047382,153.8,777.3333333,125.662,5.70416
"STM",260,10,"260_10","MA",30.91498379,190.8,728,99.4145,4.78113
"STM",260,2,"260_2","SFold",63.44673454,105.6,425.3333333,75.1436,6.85284
"STM",260,3,"260_3","PFlogbur",44.67766117,148.8666667,674.6666667,136.276,5.09062
"STM",260,4,"260_4","PFlog",93.87602689,176.0666667,746.6666667,104.781,4.4599
"STM",260,5,"260_5","PFlogbur",57.12166172,223.6,720,106.83,4.38874
"STM",260,6,"260_6","PFlog",42.58982036,140.2666667,522.6666667,89.3481,3.28003
"STM",260,7,"260_7","MA",4.053717981,154.8,526.6666667,86.4105,2.84915
"STM",260,8,"260_8","SFyoung",24.57627119,119.4666667,589.3333333,83.9664,2.51216
"STM",260,9,"260_9","PA",33.72179519,52.86666667,168,73.5066,2.19192
"STM",261,1,"261_1","PFlog",98.50262041,45.06666667,221.3333333,148.573,7.7849
"STM",261,10,"261_10","PFund",97.44923229,147.4666667,814.6666667,143.922,1.40719
"STM",261,11,"261_11","PFund",100,146.8666667,813.3333333,153.728,5.92509
"STM",261,12,"261_12","PFlog",100,195.4666667,793.3333333,194.743,0.242953
"STM",261,2,"261_2","PFlog",99.85011242,125,560,148.176,4.16037
"STM",261,3,"261_3","PFlog",99.85093168,173.9333333,689.3333333,192.149,1.3746
"STM",261,4,"261_4","PFlog",100,136.6,852,190.724,1.09299
"STM",261,5,"261_5","PFlog",100,140.2,848,191.421,0.662045
"STM",261,6,"261_6","PFlog",99.90140498,135.6,834.6666667,179.093,1.24152
"STM",261,7,"261_7","PFlog",100,128,856,195.881,0.363493
"STM",261,8,"261_8","PFund",99.79989995,195.2666667,774.6666667,170.925,1.91611
"STM",261,9,"261_9","PFund",99.62518741,148.6666667,824,139.344,3.2722
"STM",307,1,"307_1","PFlogbur",98.83490332,143.1428571,620,104.489,5.83418
"STM",307,10,"307_10","REF",77.73904382,134.3333333,461.3333333,92.5733,5.55574
"STM",307,2,"307_2","PFlogbur",60.2131879,143.3333333,520,126.776,10.4478
"STM",307,3,"307_3","PFlogbur",98.69641514,130.4666667,352,160.801,5.58839
"STM",307,5,"307_5","PFlog",73.67632368,101.6,341.3333333,148.102,8.65453
"STM",307,6,"307_6","AP",89.30801899,206.8666667,750.6666667,164.677,1.57661
"STM",307,7,"307_7","PFlogbur",86.84603886,95.6,389.3333333,100.407,4.12903
"STM",307,9,"307_9","SFyoung",98.6318408,103.2,184,146.37,5.62458
"STM",357,10,"357_10","MA",46.45257655,145.2,738.6666667,125.938,4.34932
"STM",357,11,"357_11","PA",20.66383828,109.2,386.6666667,102.206,4.84081
"STM",357,2,"357_2","PFlogbur",66.70798215,175.5333333,754.6666667,158.471,5.83096
"STM",357,3,"357_3","SFold",57.86210317,147.1333333,820,135.478,6.54609
"STM",357,4,"357_4","SFinter",67.3282064,39.06666667,88,71.0733,2.97888
"STM",357,5,"357_5","PFbur",39.88596926,101.8,629.3333333,128.252,10.9082
"STM",357,6,"357_6","SFinter",46.2478185,102.8666667,134.6666667,113.335,8.32992
"STM",357,7,"357_7","PA",27.14143426,275.7333333,534.6666667,84.484,4.51263
"STM",357,8,"357_8","PA",19.66110142,53.66666667,81.33333333,113.434,5.66824
"STM",357,9,"357_9","SFinter",30.07705692,113.8,465.3333333,115.349,14.9379
"STM",363,1,"363_1","PFbur",100,151.6,533.3333333,199.164,2.66577
"STM",363,2,"363_2","PFbur",100,104.3333333,498.8,156.258,4.347
"STM",363,3,"363_3","PFund",100,81.86666667,396,132.133,4.55678
"STM",363,4,"363_4","PFund",100,108.7333333,430.6666667,185.135,3.18624
"STM",363,5,"363_5","PFund",100,46.8,173.3333333,170.423,8.03749
"STM",363,6,"363_6","PFund",100,120.4666667,776,177.92,4.94213
"STM",363,7,"363_7","PFund",100,169.2666667,721.3333333,162.665,5.63496
"STM",363,8,"363_8","PFund",100,133.6666667,569.3333333,196.198,4.01276
"STM",399,10,"399_10","PFlogbur",74.78282452,40.66666667,85.33333333,153.742,5.10344
"STM",399,11,"399_11","SHA",51.34194831,49,96,117.619,6.83379
"STM",399,12,"399_12","SFinter",72.2415507,165,422.6666667,162.005,4.66275
"STM",399,13,"399_13","PA",52.78745645,39.6,98.66666667,141.862,3.86412
"STM",399,3,"399_3","PFund",83.94105894,69.06666667,112,125.289,4.71399
"STM",399,5,"399_5","PFlogbur",82.68268268,123.6,797.3333333,171.694,1.34575
"STM",399,6,"399_6","PFlog",67.35352532,86.06666667,122.6666667,80.8367,5.3185
"STM",399,7,"399_7","PFlog",82.97451126,141,805.3333333,155.463,6.54696
"STM",399,8,"399_8","SFinter",68.18632309,97.8,364,115.806,6.90928
"STM",399,9,"399_9","PFund",77.36503219,124.4,457.3333333,161.369,4.09557
"STM",69,1,"69_1","MA",12.71060456,186.8666667,698.6666667,121.424,4.53863
"STM",69,10,"69_10","SFold",18.5176004,154.6,654.6666667,123.786,2.96867
"STM",69,11,"69_11","PFlogbur",20.62546538,131.5333333,478.6666667,100.982,1.66395
"STM",69,2,"69_2","SFold",34.4298788,165.9333333,628,140.1,3.6445
"STM",69,3,"69_3","PA",39.9950224,229.8,624,145.4,2.83341
"STM",69,4,"69_4","PA",15.42288557,167.7333333,638.6666667,102.785,0.585011
"STM",69,5,"69_5","SHA",9.281594127,206.4,633.3333333,114.956,1.83731
"STM",69,6,"69_6","SFinter",33.4,171.2666667,408,121.274,5.76568
"STM",69,7,"69_7","PA",29.51388889,171.2666667,588,126.593,3.75685
"STM",69,8,"69_8","PFlog",34.20203524,135.5333333,662.6666667,135.461,4.33831
"STM",69,9,"69_9","REF",17.82079921,260.7333333,566.6666667,114.582,3.60517
"STM",81,1,"81_1","FRU",9.535696455,155.7333333,776,92.1856,5.34313
"STM",81,10,"81_10","PA",32.2973645,155.2666667,684,115.515,4.77894
"STM",81,11,"81_11","SFold",44.03692615,142.3333333,804,142.361,2.10723
"STM",81,15,"81_15","PFlog",85.04742886,128.6666667,814.6666667,143.141,5.38805
"STM",81,2,"81_2","PFlogbur",22.11442786,127.6666667,761.3333333,111.295,5.79698
"STM",81,3,"81_3","PFlogbur",42.9245283,143.7333333,732,111.578,8.89704
"STM",81,6,"81_6","MA",6.274900398,176,760,88.0624,4.81449
"STM",81,7,"81_7","SFold",33.05970149,134.6,717.3333333,106.029,3.35563
"STM",81,8,"81_8","PA",11.00871731,205.9333333,485.3333333,83.3424,2.29947
"STM",81,9,"81_9","PFlogbur",36.70411985,137,618.6666667,88.0933,2.42157
"STM",99,10,"99_10","SFinter",33.28332083,166.5333333,784,144.765,1.35504
"STM",99,11,"99_11","SFyoung",24.30952973,75.2,258.6666667,97.4732,6.31145
"STM",99,2,"99_2","FRU",32.8528827,193.0666667,762.6666667,116.303,4.73041
"STM",99,3,"99_3","PA",29.64623817,214.6666667,701.3333333,123.566,6.50693
"STM",99,4,"99_4","SFinter",22.96555167,201.0666667,701.3333333,145.221,1.52935
"STM",99,5,"99_5","PA",11.76177423,126.8666667,432,73.3367,1.93927
"STM",99,6,"99_6","SFold",12.50310713,139.5333333,768,112.406,6.52225
"STM",99,7,"99_7","SFold",34.45878848,160.6,649.3333333,113.173,5.81306
"STM",99,8,"99_8","SFinter",30.35803083,179.4666667,748,107.627,4.48219
"STM",99,9,"99_9","PA",24.61461959,205.1333333,721.3333333,106.509,8.48505
"PGM",100,10,"100_10","SFyoung",39.39393939,97.33333333,253.3333333,31.4405,2.21612
"PGM",100,2,"100_2","SFyoung",45.88528678,254,436,53.6626,4.9366
"PGM",100,3,"100_3","PFlogbur",53.42465753,200.2666667,324,60.7134,4.45789
"PGM",100,5,"100_5","PFlog",79.02902903,312.6666667,242.6666667,45.8853,6.76043
"PGM",100,6,"100_6","PFlogbur",60.74257426,122.7333333,238.6666667,69.6247,1.22196
"PGM",100,8,"100_8","PA",74.32264479,174.5333333,228,70.0859,0.373115
"PGM",100,9,"100_9","PFlogbur",57.01863354,210.6666667,194.6666667,62.8819,4.38745
"PGM",142,1,"142_1","PFlog",83.74470207,232.8,728,141.826,2.06856
"PGM",142,11,"142_11","PA",27.99102692,257.2666667,693.3333333,105.778,3.67571
"PGM",142,12,"142_12","PFlogbur",42.49875807,234.2,520,96.8697,7.48225
"PGM",142,13,"142_13","Sfinter",86.06271777,318.2222222,593.3333333,76.5283,4.5941
"PGM",142,3,"142_3","PFlog",11.91005683,185,456,87.2454,3.98108
"PGM",142,4,"142_4","PFlogbur",67.17310087,258.25,562.5,77.3848,7.09201
"PGM",142,5,"142_5","PFlog",86.29897679,321.1333333,624,127.853,2.66118
"PGM",142,6,"142_6","PFlogbur",55.15271915,341.6,214.6666667,80.5293,7.99375
"PGM",142,7,"142_7","PA",1.891488303,331.25,617.5,112.553,3.21988
"PGM",142,8,"142_8","PA",34.37888972,166.2222222,308.8888889,61.5871,6.42166
"PGM",142,9,"142_9","PA",0.099502488,332.8,618.6666667,136.443,4.22263
"PGM",147,1,"147_1","PFlog",95.89384076,262.75,701.6666667,148.747,3.82344
"PGM",147,11,"147_11","PFlog",71.62837163,242.2666667,729.3333333,147.638,2.99201
"PGM",147,12,"147_12","PA",28.15461347,101.4666667,245.3333333,78.88,1.14718
"PGM",147,13,"147_13","SFinter",56.87982085,301.9333333,653.3333333,130.647,4.40931
"PGM",147,14,"147_14","MA",30.28942116,302.1333333,485.3333333,113.715,10.6374
"PGM",147,2,"147_2","PFlogbur",65.07581407,292.3333333,630.6666667,149.49,5.50123
"PGM",147,3,"147_3","PFlogbur",70.09742693,291.0666667,668,130.511,8.12207
"PGM",147,4,"147_4","SFinter",40.69016882,301.4666667,598.6666667,117.73,11.531
"PGM",147,5,"147_5","PFlog",79.29318069,256.3333333,633.3333333,125.971,5.07388
"PGM",147,7,"147_7","PFlog",90.41573313,296.2666667,577.3333333,130.284,7.56289
"PGM",147,8,"147_8","PFlog",98.71858058,296.5333333,670.6666667,150,0
"PGM",152,1,"152_1","SFold",18.91891892,208.2222222,200,72.0822,2.0981
"PGM",152,10,"152_10","PA",11.18322516,138.4444444,128.8888889,67.4203,2.15259
"PGM",152,11,"152_11","PA",34.91432828,285.3333333,253.3333333,94.0342,4.11291
"PGM",152,12,"152_12","PA",20.39800995,364.6666667,135.5555556,80,0.00495178
"PGM",152,2,"152_2","SFinter",25.58662007,333.8888889,111.1111111,78.6838,1.60325
"PGM",152,3,"152_3","SFinter",14.05742821,105.375,140,70,0
"PGM",152,4,"152_4","SFold",39.03769841,156.5555556,108.8888889,78.9672,2.29981
"PGM",152,5,"152_5","PA",8.706529897,215.1111111,146.6666667,79.9933,0.0754283
"PGM",152,6,"152_6","SFold",23.66260264,319.4444444,213.3333333,80,0.000522016
"PGM",152,7,"152_7","SFinter",36.10486891,213.2222222,115.5555556,84.2672,2.45819
"PGM",152,8,"152_8","SFinter",15.61403509,154.8888889,108.8888889,82.1753,2.56659
"PGM",152,9,"152_9","PA",24.45054945,167.6666667,122.2222222,80,0
"PGM",202,1,"202_1","PFlogbur",55.97718254,218,740,144.779,4.11972
"PGM",202,12,"202_12","PA",2.793714143,181.2,786.6666667,145.449,2.34099
"PGM",202,13,"202_13","PFlogbur",42.70364818,233.5714286,734.2857143,143.482,2.74713
"PGM",202,14,"202_14","AP",1.968111609,179.0666667,290.6666667,89.6107,1.42052
"PGM",202,2,"202_2","PFlogbur",49.19174335,291.2,626.6666667,131.894,3.99003
"PGM",202,3,"202_3","MA",0.423306773,213.3333333,648,107.722,4.60957
"PGM",202,4,"202_4","REF",7.435317759,266.8888889,473.3333333,107.935,6.13942
"PGM",202,5,"202_5","PA",16.63765233,172.6428571,272.8571429,93.4648,2.41336
"PGM",202,6,"202_6","MA",1.06991789,250.5333333,696,120.05,4.17049
"PGM",202,7,"202_7","PA",11.29394166,226.4,686.6666667,110.972,4.42547
"PGM",202,8,"202_8","MA",0.098911968,254,633.3333333,115.983,5.42042
"PGM",202,9,"202_9","PA",1.669157947,100.4666667,384,82.9826,1.99919
"PGM",235,1,"235_1","PFlog",15.54003492,305.8888889,608.8888889,142.194,7.42126
"PGM",235,10,"235_10","PA",2.46882793,240.1111111,726.6666667,139.914,2.59525
"PGM",235,11,"235_11","MA",3.986048829,327.1111111,597.7777778,121.106,5.84698
"PGM",235,12,"235_12","MA",10.6706557,212.4444444,417.7777778,107.279,3.39255
"PGM",235,3,"235_3","PFlogbur",81.60526958,228.2222222,748.8888889,159.179,1.53142
"PGM",235,4,"235_4","SFold",30.82559844,257.2222222,686.6666667,134.285,4.69446
"PGM",235,5,"235_5","SFinter",31.99401048,157.3333333,162.2222222,113.495,8.01379
"PGM",235,6,"235_6","PA",0.648379052,318.2222222,644.4444444,145.062,4.30332
"PGM",235,7,"235_7","PA",6.346826587,305.625,512.5,131.971,4.16357
"PGM",235,8,"235_8","PA",7.855361596,255.8888889,711.1111111,153.695,2.26765
"PGM",245,1,"245_1","PA",1.601601602,138.4444444,188.8888889,102.715,3.43039
"PGM",245,11,"245_11","PFlogbur",75.17641129,218.3333333,542.2222222,178.428,22.1861
"PGM",245,12,"245_12","PA",8.354114713,207.8888889,100,70.1156,0.466717
"PGM",245,13,"245_13","PA",19.81037924,168.3333333,157.7777778,93.6547,2.73466
"PGM",245,14,"245_14","PA",13.95058647,149.8888889,162.2222222,88.8918,0.965001
"PGM",245,2,"245_2","PFlog",98.1394195,149.1111111,133.3333333,99.9992,0.028831
"PGM",245,4,"245_4","PFlog",98.32416208,212.7,180,85.6286,3.19691
"PGM",245,5,"245_5","PFlog",90.72864322,280.7777778,151.1111111,99.544,0.60186
"PGM",245,6,"245_6","PFlog",71.19700748,390.6666667,564.4444444,208.866,3.33213
"PGM",245,7,"245_7","SFinter",53.975,271.5555556,117.7777778,85.7774,2.96027
"PGM",245,8,"245_8","PFlog",78.2554672,241.2222222,84.44444444,90,0
"PGM",245,9,"245_9","PFlog",60.65737052,169.1111111,93.33333333,90.9242,1.49484
"PGM",269,1,"269_1","PFlogbur",82.3968175,284.1111111,677.7777778,147.446,3.3442
"PGM",269,10,"269_10","PFlog",84.68042775,188.6666667,762.2222222,159.322,1.42748
"PGM",269,11,"269_11","PFlog",98.73699851,208.7777778,748.8888889,159.614,7.91498
"PGM",269,12,"269_12","PA",18.27209533,79.77777778,251.1111111,78.1425,4.29687
"PGM",269,13,"269_13","PA",25.61368708,265.2222222,700,150,0
"PGM",269,14,"269_14","PA",28.35487078,120.3333333,213.3333333,62.1071,1.86142
"PGM",269,15,"269_15","PA",27.93240557,110.5555556,233.3333333,64.8376,2.71103
"PGM",269,2,"269_2","PFlogbur",72.98778968,309,617.7777778,149.994,0.108117
"PGM",269,4,"269_4","PFlog",96.23669225,286.1111111,680,159.967,0.335589
"PGM",269,6,"269_6","PFlogbur",66.2027833,264.6666667,688.8888889,142.952,3.63853
"PGM",269,7,"269_7","PFlog",96.83291771,217.5555556,537.7777778,125.116,10.8808
"PGM",269,8,"269_8","PFlogbur",97.7766675,211.8888889,428.8888889,107.685,3.1532
"PGM",274,1,"274_1","PFlogbur",62.60956674,262.5555556,566.6666667,156.665,8.45525
"PGM",274,10,"274_10","PA",41.40761005,225.7777778,740,171.146,1.71783
"PGM",274,11,"274_11","MA",28.95522388,312.4444444,653.3333333,180,0.0082273
"PGM",274,12,"274_12","MA",8.918784255,207.5555556,771.1111111,189.946,0.37045
"PGM",274,2,"274_2","PFlogbur",42.82147316,252.6666667,711.1111111,187.454,2.35076
"PGM",274,3,"274_3","PFlog",63.93562546,180,793.3333333,189.593,0.968842
"PGM",274,4,"274_4","PFlogbur",37.59060235,196.4444444,771.1111111,183.401,2.56756
"PGM",274,5,"274_5","PFlogbur",88.55572214,258.4444444,704.4444444,180,0
"PGM",274,6,"274_6","PFlogbur",82.59895444,429.2222222,546.6666667,190,0
"PGM",274,7,"274_7","PFlogbur",67.26190476,287.7777778,682.2222222,174.758,3.95162
"PGM",274,8,"274_8","PFlogbur",96.36996519,259.4444444,711.1111111,180,0
"PGM",274,9,"274_9","MA",0.248818114,260.5555556,711.1111111,172.703,3.62644
"PGM",315,1,"315_1","PFlogbur",50.27363184,66,191.1111111,111.443,2.20534
"PGM",315,11,"315_11","PFlogbur",71.50284724,277.1111111,680,181.386,5.31217
"PGM",315,2,"315_2","SFinter",50.43564849,179.2222222,795.5555556,168.15,13.0929
"PGM",315,3,"315_3","PFlogbur",53.28194928,118.1,408,120.262,3.67892
"PGM",315,4,"315_4","PFlogbur",61.14130435,69.66666667,248.8888889,109.767,4.45729
"PGM",315,5,"315_5","PFlogbur",52.89873103,287,677.7777778,191.934,1.04414
"PGM",315,6,"315_6","MA",34.86398802,195.4444444,766.6666667,176.001,2.87276
"PGM",315,7,"315_7","PA",14.64872945,73.22222222,217.7777778,85.5039,2.66033
"PGM",315,8,"315_8","PA",0.024925224,300.7777778,617.7777778,181.668,0.962934
"PGM",315,9,"315_9","MA",31.16429818,278.7777778,688.8888889,165.498,4.24662
"PGM",342,1,"342_1","PFlog",95.51010227,293.1111111,411.1111111,77.9153,5.80172
"PGM",342,10,"342_10","SFinter",86.73267327,258.4444444,708.8888889,50.0652,0.37429
"PGM",342,11,"342_11","SFinter",88.06747705,241.3333333,688.8888889,55.7808,3.97053
"PGM",342,12,"342_12","SFold",73.49726776,211.4444444,531.1111111,98.1078,5.24879
"PGM",342,2,"342_2","PFlog",99.57763975,206,760,109.65,1.02797
"PGM",342,3,"342_3","PFlog",99.62825279,299,672,116.301,3.84536
"PGM",342,4,"342_4","PFlog",99.60199005,225.2,614.6666667,95.9878,4.60927
"PGM",342,5,"342_5","PFlog",99.47903746,224.7333333,696,107.851,2.7342
"PGM",342,6,"342_6","PFlog",94.06968125,261.8888889,553.3333333,67.6509,2.12011
"PGM",342,7,"342_7","PFlog",96.01096983,284.2222222,571.1111111,120,0
"PGM",342,8,"342_8","PFlog",99.74987494,280.7777778,491.1111111,110.328,0.743928
"PGM",342,9,"342_9","PFlogbur",94.94270055,161,375.5555556,86.8101,7.77381
"PGM",358,1,"358_1","MA",39.54760129,278.8888889,671.1111111,173.448,10.7233
"PGM",358,10,"358_10","REF",0.44709389,85.88888889,135.5555556,107.896,2.03263
"PGM",358,2,"358_2","REF",1.793721973,198.4444444,142.2222222,91.1745,1.82371
"PGM",358,3,"358_3","REF",1.391304348,175.4444444,117.7777778,87.2077,1.96268
"PGM",358,4,"358_4","PFlog",96.03272998,269.2222222,682.2222222,201.417,1.12192
"PGM",358,5,"358_5","PFlogbur",93.39481555,259.3333333,708.8888889,209.398,1.1677
"PGM",358,6,"358_6","REF",0.049838026,128.7777778,108.8888889,99.1754,1.33486
"PGM",358,7,"358_7","REF",1.717272275,197.7777778,117.7777778,99.8151,0.683059
"PGM",358,8,"358_8","REF",1.242236025,125.2222222,184.4444444,110.191,1.65757
"PGM",358,9,"358_9","REF",0.174129353,101.8888889,95.55555556,99.7448,0.634611
"PGM",369,1,"369_1","PFlogbur",88.51568288,272.1111111,671.1111111,160,0
"PGM",369,10,"369_10","PFlog",87.48118414,191,484.4444444,108.811,1.5382
"PGM",369,11,"369_11","PA",2.776400595,234,697.7777778,107.831,3.36338
"PGM",369,12,"369_12","PA",1.910669975,208.6666667,482.2222222,82.2423,3.86906
"PGM",369,13,"369_13","PA",19.10307235,264.1111111,653.3333333,98.7857,4.51609
"PGM",369,3,"369_3","PFlog",62.27678571,170.3333333,806.6666667,147.621,4.41388
"PGM",369,4,"369_4","PFlog",75.53455992,153.4444444,624.4444444,117.856,2.61989
"PGM",369,5,"369_5","PFlogbur",65.82939567,171.5555556,795.5555556,159.245,1.05655
"PGM",369,6,"369_6","PFlogbur",87.73373224,222.2222222,753.3333333,151.333,1.15054
"PGM",369,7,"369_7","PFlog",99.52736318,249.1111111,671.1111111,170,0
"PGM",369,8,"369_8","PFlog",90.15904573,271.3333333,704.7777778,168.676,1.78134
"PGM",423,1,"423_1","PFlogbur",36.55753968,112.1111111,235.5555556,112.461,2.77551
"PGM",423,10,"423_10","MA",29.58829365,220.5555556,715.5555556,187.645,2.42815
"PGM",423,11,"423_11","MA",18.69554394,253.8888889,702.2222222,175.084,1.79102
"PGM",423,12,"423_12","MA",44.59057072,199.6666667,771.1111111,189.335,1.14944
"PGM",423,13,"423_13","REF",4.830677291,90.22222222,168.8888889,100,0
"PGM",423,5,"423_5","PFlogbur",23.66834171,189.5555556,482.2222222,144.681,13.1003
"PGM",423,6,"423_6","PFlogbur",47.99498747,125.2222222,202.2222222,126.113,3.97334
"PGM",423,7,"423_7","PFlog",97.9384004,201.2222222,777.7777778,198.457,4.28514
"PGM",423,8,"423_8","REF",10.85116974,119.5,100,100.303,0.555451
"PGM",423,9,"423_9","PFlogbur",24.59506604,148.6666667,262.2222222,129.719,1.81365
"PGM",44,1,"44_1","PFlogbur",73.82316314,155.2222222,228.8888889,179.971,0.496033
"PGM",44,12,"44_12","SFyoung",62.84506342,201,193.3333333,112.109,5.43463
"PGM",44,15,"44_15","PA",72.84751685,146.3333333,140,120.408,2.05802
"PGM",44,2,"44_2","PFlogbur",83.96320239,278.8888889,364.4444444,157.706,6.05416
"PGM",44,3,"44_3","PA",78.07740325,89.88888889,222.2222222,149.097,12.1052
"PGM",44,4,"44_4","PFlogbur",68.68762475,113.6666667,135.5555556,120.737,6.34548
"PGM",44,5,"44_5","PFlogbur",68.925,271.1666667,635.5555556,123.605,13.0234
"PGM",44,6,"44_6","PFlogbur",64.86284289,439.8888889,306.6666667,124.136,4.52848
"PGM",44,7,"44_7","PA",67.58844046,82.22222222,160,98.7119,6.9032
"PGM",44,8,"44_8","PA",53.25708603,130.3333333,171.1111111,101.74,2.7389
"PGM",44,9,"44_9","SHA",65.15340484,118.1111111,180,116.771,11.9082
"PGM",443,1,"443_1","PFlogbur",91.48564295,132.6666667,120,122.955,2.92461
"PGM",443,10,"443_10","PA",0.04982561,140.4444444,117.7777778,96.9129,2.17315
"PGM",443,2,"443_2","PFlog",75.62250996,168.3333333,124.4444444,130.123,1.09725
"PGM",443,3,"443_3","PA",3.663094941,106.8888889,164.4444444,90,0
"PGM",443,4,"443_4","PFlog",20.99900596,217.7777778,208.8888889,121.592,2.6307
"PGM",443,5,"443_5","PA",42.95352324,223.6666667,266.6666667,117.132,3.16073
"PGM",443,6,"443_6","PA",2.068278096,151.125,210,97.6489,2.10039
"PGM",443,7,"443_7","PA",28.42576474,129.8888889,133.3333333,136.334,5.99603
"PGM",443,8,"443_8","PA",52.08747515,116.3333333,137.7777778,113.649,3.435
"PGM",443,9,"443_9","PA",0.698080279,120.625,187.5,83.9829,1.79517
"PGM",547,1,"547_1","PFlog",65.47530405,216.5555556,440,129.631,3.96231
"PGM",547,10,"547_10","REF",39.38415694,159.1111111,280,113.198,4.59295
"PGM",547,11,"547_11","PA",10.2926337,219.8888889,208.8888889,110.319,4.34736
"PGM",547,12,"547_12","PA",25.31048187,110.25,252.5,108.3,1.93123
"PGM",547,13,"547_13","PA",18.66171004,231.3333333,506.6666667,140.891,2.85883
"PGM",547,14,"547_14","PA",7.236679058,228.3333333,257.7777778,144.474,4.43532
"PGM",547,2,"547_2","PFlog",83.37045286,161.6666667,800,173.768,3.89954
"PGM",547,5,"547_5","PFlog",95.89920949,184.2222222,791.1111111,184.108,1.97998
"PGM",547,6,"547_6","PA",1.909248698,191.3333333,524.4444444,111.838,5.51372
"PGM",547,7,"547_7","PA",16.64179104,104.1111111,222.2222222,107.501,7.47102
"PGM",547,8,"547_8","REF",10.4752426,140.625,147.5,110.531,4.72199
"PGM",547,9,"547_9","PA",9.634055265,114.8888889,357.7777778,106.223,3.76938
"PGM",549,1,"549_1","PFund",100,156.2222222,393.3333333,100,0
"PGM",549,10,"549_10","PFund",99.9497992,142.2222222,168.8888889,101.076,1.13495
"PGM",549,11,"549_11","PFlog",99.82694685,282.5555556,620,139.47,6.44885
"PGM",549,12,"549_12","PFund",100,180.1111111,286.6666667,113.698,2.5152
"PGM",549,2,"549_2","PFund",99.62509373,219.5555556,277.7777778,114.846,2.29672
"PGM",549,3,"549_3","PFund",99.92498125,226.8888889,455.5555556,114.205,2.49052
"PGM",549,4,"549_4","PFlog",99.92553984,271,604.4444444,142.417,8.07765
"PGM",549,5,"549_5","PFund",99.79994999,190.6666667,180,112.085,2.63319
"PGM",549,6,"549_6","PFund",99.9750996,216.5555556,502.2222222,135.608,7.12606
"PGM",549,7,"549_7","PFund",100,143.5555556,160,106.756,2.3772
"PGM",549,8,"549_8","PFund",100,119.4444444,191.1111111,100.275,0.815972
"PGM",549,9,"549_9","PFlog",100,333.2222222,640,159.847,0.38598
